DELETE
from region_neighbours;
DELETE
from factions_units;
DELETE
from factions;
DELETE
from regions;
DELETE
from production_sites;
DELETE
from resources;
DELETE
from unit_types;

-- Reset id counters
ALTER SEQUENCE factions_id_seq RESTART WITH 1;
ALTER SEQUENCE production_sites_id_seq RESTART WITH 1;
ALTER SEQUENCE resources_id_seq RESTART WITH 1;

-- Regions
INSERT INTO regions (id, name, region_type)
VALUES ('1', '', 'ICE'),
       ('2', '', 'ICE'),
       ('3', '', 'ICE'),
       ('4', '', 'ICE'),
       ('5', '', 'ICE'),
       ('6', '', 'ICE'),
       ('7', '', 'ICE'),
       ('8', '', 'ICE'),
       ('9', '', 'ICE'),
       ('10', '', 'MOUNTAIN'),
       ('11', '', 'MOUNTAIN'),
       ('12', '', 'MOUNTAIN'),
       ('13', '', 'MOUNTAIN'),
       ('14', '', 'MOUNTAIN'),
       ('15', '', 'MOUNTAIN'),
       ('16', '', 'MOUNTAIN'),
       ('17', '', 'MOUNTAIN'),
       ('18', '', 'MOUNTAIN'),
       ('19', '', 'ICE'),
       ('20', '', 'MOUNTAIN'),
       ('21', '', 'MOUNTAIN'),
       ('22', '', 'MOUNTAIN'),
       ('23', '', 'ICE'),
       ('24', '', 'ICE'),
       ('25', '', 'ICE'),
       ('26', '', 'MOUNTAIN'),
       ('27', '', 'ICE'),
       ('28', '', 'MOUNTAIN'),
       ('29', '', 'MOUNTAIN'),
       ('30', '', 'ICE'),
       ('31', '', 'ICE'),
       ('32', '', 'LAND'),
       ('33', '', 'LAND'),
       ('34', '', 'FOREST'),
       ('35', '', 'MOUNTAIN'),
       ('36', '', 'LAND'),
       ('37', '', 'LAND'),
       ('38', '', 'LAND'),
       ('39', '', 'MOUNTAIN'),
       ('40', '', 'MOUNTAIN'),
       ('41', '', 'MOUNTAIN'),
       ('42', '', 'MOUNTAIN'),
       ('43', '', 'ICE'),
       ('44', '', 'ICE'),
       ('45', '', 'ICE'),
       ('46', '', 'ICE'),
       ('47', '', 'ICE'),
       ('48', '', 'ICE'),
       ('49', '', 'ICE'),
       ('50', '', 'LAND'),
       ('51', '', 'FOREST'),
       ('52', '', 'MOUNTAIN'),
       ('53', '', 'HILL'),
       ('54', '', 'LAND'),
       ('55', '', 'LAND'),
       ('56', '', 'LAND'),
       ('57', '', 'LAND'),
       ('58', '', 'FOREST'),
       ('59', '', 'FOREST'),
       ('60', '', 'HILL'),
       ('61', '', 'MOUNTAIN'),
       ('62', '', 'HILL'),
       ('63', '', 'HILL'),
       ('64', '', 'FOREST'),
       ('65', '', 'LAND'),
       ('66', '', 'FOREST'),
       ('67', '', 'LAND'),
       ('68', '', 'HILL'),
       ('69', '', 'HILL'),
       ('70', '', 'HILL'),
       ('71', '', 'MOUNTAIN'),
       ('72', '', 'HILL'),
       ('73', '', 'HILL'),
       ('74', '', 'HILL'),
       ('75', '', 'HILL'),
       ('76', '', 'HILL'),
       ('77', '', 'FOREST'),
       ('78', '', 'FOREST'),
       ('79', '', 'FOREST'),
       ('80', '', 'FOREST'),
       ('81', '', 'HILL'),
       ('82', '', 'MOUNTAIN'),
       ('83', '', 'HILL'),
       ('84', '', 'LAND'),
       ('85', '', 'LAND'),
       ('86', '', 'LAND'),
       ('87', '', 'LAND'),
       ('88', '', 'LAND'),
       ('89', '', 'LAND'),
       ('90', '', 'LAND'),
       ('91', '', 'HILL'),
       ('92', '', 'HILL'),
       ('93', '', 'MOUNTAIN'),
       ('94', '', 'HILL'),
       ('95', '', 'HILL'),
       ('96', '', 'LAND'),
       ('97', '', 'LAND'),
       ('98', '', 'LAND'),
       ('99', '', 'LAND'),
       ('100', '', 'LAND'),
       ('101', '', 'HILL'),
       ('102', '', 'HILL'),
       ('103', '', 'LAND'),
       ('104', '', 'FOREST'),
       ('105', '', 'LAND'),
       ('106', '', 'LAND'),
       ('107', '', 'HILL'),
       ('108', '', 'MOUNTAIN'),
       ('109', '', 'HILL'),
       ('110', '', 'LAND'),
       ('111', '', 'LAND'),
       ('112', '', 'HILL'),
       ('113', '', 'LAND'),
       ('114', '', 'HILL'),
       ('115', '', 'HILL'),
       ('116', '', 'HILL'),
       ('117', '', 'HILL'),
       ('118', '', 'HILL'),
       ('119', '', 'LAND'),
       ('120', '', 'LAND'),
       ('121', '', 'LAND'),
       ('122', '', 'HILL'),
       ('123', '', 'HILL'),
       ('124', '', 'HILL'),
       ('125', '', 'HILL'),
       ('126', '', 'HILL'),
       ('127', '', 'FOREST'),
       ('128', '', 'LAND'),
       ('129', '', 'SWAMP'),
       ('130', '', 'LAND'),
       ('131', '', 'LAND'),
       ('132', '', 'LAND'),
       ('133', '', 'FOREST'),
       ('134', '', 'MOUNTAIN'),
       ('135', '', 'MOUNTAIN'),
       ('136', '', 'HILL'),
       ('137', '', 'HILL'),
       ('138', '', 'HILL'),
       ('139', '', 'LAND'),
       ('140', '', 'SWAMP'),
       ('141', '', 'LAND'),
       ('142', '', 'FOREST'),
       ('143', '', 'FOREST'),
       ('144', '', 'MOUNTAIN'),
       ('145', '', 'FOREST'),
       ('146', '', 'FOREST'),
       ('147', '', 'SWAMP'),
       ('148', '', 'LAND'),
       ('149', '', 'MOUNTAIN'),
       ('150', '', 'LAND'),
       ('151', '', 'LAND'),
       ('152', '', 'LAND'),
       ('153', '', 'LAND'),
       ('154', '', 'LAND'),
       ('155', '', 'LAND'),
       ('156', '', 'LAND'),
       ('157', '', 'LAND'),
       ('158', '', 'LAND'),
       ('159', '', 'FOREST'),
       ('160', '', 'LAND'),
       ('161', '', 'LAND'),
       ('162', '', 'LAND'),
       ('163', '', 'FOREST'),
       ('164', '', 'FOREST'),
       ('165', '', 'HILL'),
       ('166', '', 'LAND'),
       ('167', '', 'LAND'),
       ('168', '', 'FOREST'),
       ('169', '', 'LAND'),
       ('170', '', 'HILL'),
       ('171', '', 'HILL'),
       ('172', '', 'JUNGLE'),
       ('173', '', 'MOUNTAIN'),
       ('174', '', 'FOREST'),
       ('175', '', 'HILL'),
       ('176', '', 'LAND'),
       ('177', '', 'SWAMP'),
       ('178', '', 'HILL'),
       ('179', '', 'HILL'),
       ('180', '', 'HILL'),
       ('181', '', 'HILL'),
       ('182', '', 'HILL'),
       ('183', '', 'FOREST'),
       ('184', '', 'LAND'),
       ('185', '', 'HILL'),
       ('186', '', 'HILL'),
       ('187', '', 'HILL'),
       ('188', '', 'MOUNTAIN'),
       ('189', '', 'FOREST'),
       ('190', '', 'LAND'),
       ('191', '', 'HILL'),
       ('192', '', 'LAND'),
       ('193', '', 'LAND'),
       ('194', '', 'FOREST'),
       ('195', '', 'LAND'),
       ('196', '', 'FOREST'),
       ('197', '', 'LAND'),
       ('198', '', 'HILL'),
       ('199', '', 'HILL'),
       ('200', '', 'LAND'),
       ('201', '', 'LAND'),
       ('202', '', 'LAND'),
       ('203', '', 'HILL'),
       ('204', '', 'HILL'),
       ('205', '', 'LAND'),
       ('206', '', 'SWAMP'),
       ('207', '', 'LAND'),
       ('208', '', 'LAND'),
       ('209', '', 'LAND'),
       ('210', '', 'LAND'),
       ('211', '', 'LAND'),
       ('212', '', 'MOUNTAIN'),
       ('213', '', 'LAND'),
       ('214', '', 'LAND'),
       ('215', '', 'LAND'),
       ('216', '', 'LAND'),
       ('217', '', 'FOREST'),
       ('218', '', 'HILL'),
       ('219', '', 'LAND'),
       ('220', '', 'LAND'),
       ('221', '', 'LAND'),
       ('222', '', 'FOREST'),
       ('223', '', 'MOUNTAIN'),
       ('224', '', 'LAND'),
       ('225', '', 'LAND'),
       ('226', '', 'LAND'),
       ('227', '', 'LAND'),
       ('228', '', 'LAND'),
       ('229', '', 'LAND'),
       ('230', '', 'HILL'),
       ('231', '', 'FOREST'),
       ('232', '', 'LAND'),
       ('233', '', 'LAND'),
       ('234', '', 'LAND'),
       ('235', '', 'LAND'),
       ('236', '', 'MOUNTAIN'),
       ('237', '', 'MOUNTAIN'),
       ('238', '', 'LAND'),
       ('239', '', 'MOUNTAIN'),
       ('240', '', 'LAND'),
       ('241', '', 'SWAMP'),
       ('242', '', 'SWAMP'),
       ('243', '', 'MOUNTAIN'),
       ('244', '', 'HILL'),
       ('245', '', 'LAND'),
       ('246', '', 'HILL'),
       ('247', '', 'MOUNTAIN'),
       ('248', '', 'HILL'),
       ('249', '', 'LAND'),
       ('250', '', 'LAND'),
       ('251', '', 'LAND'),
       ('252', '', 'FOREST'),
       ('253', '', 'HILL'),
       ('256', '', 'HILL'),
       ('257', '', 'MOUNTAIN'),
       ('258', '', 'HILL'),
       ('259', '', 'FOREST'),
       ('260', '', 'HILL'),
       ('261', '', 'LAND'),
       ('262', '', 'FOREST'),
       ('263', '', 'LAND'),
       ('264', '', 'LAND'),
       ('265', '', 'LAND'),
       ('266', '', 'LAND'),
       ('267', '', 'LAND'),
       ('268', '', 'LAND'),
       ('269', '', 'LAND'),
       ('270', '', 'LAND'),
       ('271', '', 'LAND'),
       ('272', '', 'LAND'),
       ('273', '', 'FOREST'),
       ('274', '', 'MOUNTAIN'),
       ('275', '', 'HILL'),
       ('276', '', 'HILL'),
       ('277', '', 'LAND'),
       ('278', '', 'LAND'),
       ('279', '', 'LAND'),
       ('280', '', 'LAND'),
       ('281', '', 'LAND'),
       ('282', '', 'LAND'),
       ('283', '', 'LAND'),
       ('284', '', 'LAND'),
       ('285', '', 'LAND'),
       ('286', '', 'LAND'),
       ('287', '', 'HILL'),
       ('288', '', 'LAND'),
       ('289', '', 'LAND'),
       ('290', '', 'LAND'),
       ('291', '', 'LAND'),
       ('292', '', 'LAND'),
       ('293', '', 'LAND'),
       ('294', '', 'LAND'),
       ('295', '', 'MOUNTAIN'),
       ('296', '', 'LAND'),
       ('297', '', 'LAND'),
       ('298', '', 'LAND'),
       ('299', '', 'MOUNTAIN'),
       ('300', '', 'LAND'),
       ('301', '', 'LAND'),
       ('302', '', 'LAND'),
       ('303', '', 'LAND'),
       ('304', '', 'LAND'),
       ('305', '', 'MOUNTAIN'),
       ('306', '', 'MOUNTAIN'),
       ('307', '', 'LAND'),
       ('308', '', 'MOUNTAIN'),
       ('309', '', 'LAND'),
       ('310', '', 'HILL'),
       ('311', '', 'LAND'),
       ('312', '', 'MOUNTAIN'),
       ('313', '', 'HILL'),
       ('314', '', 'HILL'),
       ('315', '', 'HILL'),
       ('316', '', 'LAND'),
       ('317', '', 'HILL'),
       ('318', '', 'HILL'),
       ('319', '', 'HILL'),
       ('320', '', 'MOUNTAIN'),
       ('321', '', 'LAND'),
       ('322', '', 'LAND'),
       ('323', '', 'LAND'),
       ('324', '', 'HILL'),
       ('325', '', 'LAND'),
       ('326', '', 'LAND'),
       ('327', '', 'HILL'),
       ('328', '', 'MOUNTAIN'),
       ('329', '', 'HILL'),
       ('330', '', 'LAND'),
       ('331', '', 'LAND'),
       ('332', '', 'LAND'),
       ('333', '', 'LAND'),
       ('334', '', 'HILL'),
       ('335', '', 'LAND'),
       ('336', '', 'LAND'),
       ('337', '', 'LAND'),
       ('338', '', 'HILL'),
       ('339', '', 'SWAMP'),
       ('340', '', 'HILL'),
       ('341', '', 'LAND'),
       ('342', '', 'LAND'),
       ('343', '', 'LAND'),
       ('344', '', 'LAND'),
       ('345', '', 'DESERT'),
       ('346', '', 'DESERT'),
       ('347', '', 'DESERT'),
       ('348', '', 'DESERT'),
       ('349', '', 'HILL'),
       ('350', '', 'MOUNTAIN'),
       ('352', '', 'HILL'),
       ('353', '', 'MOUNTAIN'),
       ('354', '', 'HILL'),
       ('355', '', 'DESERT'),
       ('356', '', 'DESERT'),
       ('357', '', 'HILL'),
       ('358', '', 'HILL'),
       ('359', '', 'MOUNTAIN'),
       ('360', '', 'FOREST'),
       ('361', '', 'FOREST'),
       ('362', '', 'LAND'),
       ('363', '', 'LAND'),
       ('364', '', 'LAND'),
       ('365', '', 'FOREST'),
       ('366', '', 'LAND'),
       ('367', '', 'MOUNTAIN'),
       ('368', '', 'HILL'),
       ('369', '', 'LAND'),
       ('370', '', 'LAND'),
       ('371', '', 'LAND'),
       ('372', '', 'MOUNTAIN'),
       ('373', '', 'HILL'),
       ('374', '', 'LAND'),
       ('375', '', 'LAND'),
       ('376', '', 'LAND'),
       ('377', '', 'LAND'),
       ('378', '', 'LAND'),
       ('379', '', 'LAND'),
       ('380', '', 'LAND'),
       ('381', '', 'HILL'),
       ('382', '', 'LAND'),
       ('383', '', 'LAND'),
       ('384', '', 'DESERT'),
       ('385', '', 'DESERT'),
       ('386', '', 'DESERT'),
       ('387', '', 'DESERT'),
       ('388', '', 'DESERT'),
       ('389', '', 'HILL'),
       ('390', '', 'DESERT'),
       ('391', '', 'LAND'),
       ('392', '', 'LAND'),
       ('393', '', 'LAND'),
       ('394', '', 'HILL'),
       ('395', '', 'LAND'),
       ('396', '', 'HILL'),
       ('397', '', 'LAND'),
       ('398', '', 'LAND'),
       ('399', '', 'DESERT'),
       ('400', '', 'DESERT'),
       ('401', '', 'DESERT'),
       ('402', '', 'DESERT'),
       ('403', '', 'DESERT'),
       ('404', '', 'DESERT'),
       ('405', '', 'DESERT'),
       ('406', '', 'DESERT'),
       ('407', '', 'DESERT'),
       ('408', '', 'DESERT'),
       ('409', '', 'HILL'),
       ('410', '', 'DESERT'),
       ('411', '', 'DESERT'),
       ('412', '', 'DESERT'),
       ('413', '', 'LAND'),
       ('414', '', 'FOREST'),
       ('415', '', 'DESERT'),
       ('416', '', 'LAND'),
       ('417', '', 'LAND'),
       ('418', '', 'DESERT'),
       ('419', '', 'LAND'),
       ('420', '', 'DESERT'),
       ('421', '', 'HILL'),
       ('422', '', 'DESERT'),
       ('423', '', 'DESERT'),
       ('424', '', 'DESERT'),
       ('425', '', 'LAND'),
       ('426', '', 'LAND'),
       ('427', '', 'HILL'),
       ('428', '', 'FOREST'),
       ('429', '', 'LAND'),
       ('430', '', 'FOREST'),
       ('431', '', 'LAND'),
       ('432', '', 'DESERT'),
       ('433', '', 'DESERT'),
       ('434', '', 'HILL'),
       ('435', '', 'DESERT'),
       ('436', '', 'DESERT'),
       ('437', '', 'DESERT'),
       ('438', '', 'HILL'),
       ('439', '', 'DESERT'),
       ('440', '', 'LAND'),
       ('441', '', 'LAND'),
       ('442', '', 'DESERT'),
       ('443', '', 'DESERT'),
       ('444', '', 'LAND'),
       ('445', '', 'MOUNTAIN'),
       ('446', '', 'DESERT'),
       ('447', '', 'MOUNTAIN'),
       ('448', '', 'LAND'),
       ('449', '', 'HILL'),
       ('450', '', 'HILL'),
       ('451', '', 'HILL'),
       ('452', '', 'LAND'),
       ('453', '', 'MOUNTAIN'),
       ('454', '', 'LAND'),
       ('455', '', 'LAND'),
       ('456', '', 'LAND'),
       ('457', '', 'MOUNTAIN'),
       ('458', '', 'LAND'),
       ('459', '', 'LAND'),
       ('460', '', 'LAND'),
       ('461', '', 'LAND'),
       ('462', '', 'LAND'),
       ('463', '', 'LAND'),
       ('464', '', 'LAND'),
       ('465', '', 'LAND'),
       ('466', '', 'LAND'),
       ('467', '', 'MOUNTAIN'),
       ('468', '', 'LAND'),
       ('469', '', 'LAND'),
       ('470', '', 'LAND'),
       ('471', '', 'LAND'),
       ('472', '', 'LAND'),
       ('473', '', 'MOUNTAIN'),
       ('474', '', 'LAND'),
       ('475', '', 'HILL'),
       ('476', '', 'HILL'),
       ('477', '', 'HILL'),
       ('478', '', 'LAND'),
       ('479', '', 'MOUNTAIN'),
       ('480', '', 'JUNGLE'),
       ('481', '', 'LAND'),
       ('482', '', 'LAND'),
       ('483', '', 'LAND'),
       ('484', '', 'LAND'),
       ('485', '', 'LAND'),
       ('486', '', 'LAND'),
       ('487', '', 'LAND'),
       ('488', '', 'FOREST'),
       ('489', '', 'HILL'),
       ('490', '', 'MOUNTAIN'),
       ('491', '', 'HILL'),
       ('492', '', 'MOUNTAIN'),
       ('493', '', 'MOUNTAIN'),
       ('494', '', 'HILL'),
       ('495', '', 'MOUNTAIN'),
       ('496', '', 'LAND'),
       ('497', '', 'LAND'),
       ('498', '', 'LAND'),
       ('499', '', 'FOREST'),
       ('500', '', 'LAND'),
       ('501', '', 'MOUNTAIN'),
       ('502', '', 'LAND'),
       ('503', '', 'MOUNTAIN'),
       ('504', '', 'LAND'),
       ('505', '', 'LAND'),
       ('506', '', 'JUNGLE'),
       ('507', '', 'MOUNTAIN'),
       ('508', '', 'JUNGLE'),
       ('509', '', 'JUNGLE'),
       ('510', '', 'JUNGLE'),
       ('511', '', 'SWAMP'),
       ('512', '', 'LAND'),
       ('513', '', 'LAND'),
       ('514', '', 'LAND'),
       ('515', '', 'LAND'),
       ('516', '', 'LAND'),
       ('517', '', 'FOREST'),
       ('518', '', 'FOREST'),
       ('519', '', 'HILL'),
       ('520', '', 'HILL'),
       ('521', '', 'MOUNTAIN'),
       ('522', '', 'LAND'),
       ('523', '', 'FOREST'),
       ('524', '', 'FOREST'),
       ('525', '', 'SWAMP'),
       ('526', '', 'SWAMP'),
       ('527', '', 'SWAMP'),
       ('528', '', 'JUNGLE'),
       ('529', '', 'JUNGLE'),
       ('530', '', 'LAND'),
       ('531', '', 'MOUNTAIN'),
       ('532', '', 'LAND'),
       ('533', '', 'SWAMP'),
       ('534', '', 'LAND'),
       ('535', '', 'MOUNTAIN'),
       ('536', '', 'JUNGLE'),
       ('537', '', 'MOUNTAIN'),
       ('538', '', 'MOUNTAIN'),
       ('539', '', 'JUNGLE'),
       ('540', '', 'SWAMP'),
       ('541', '', 'MOUNTAIN'),
       ('542', '', 'LAND'),
       ('543', '', 'SWAMP'),
       ('544', '', 'LAND'),
       ('545', '', 'MOUNTAIN'),
       ('546', '', 'JUNGLE'),
       ('547', '', 'MOUNTAIN'),
       ('548', '', 'JUNGLE'),
       ('549', '', 'LAND'),
       ('550', '', 'LAND'),
       ('551', '', 'JUNGLE'),
       ('552', '', 'LAND'),
       ('553', '', 'LAND'),
       ('554', '', 'JUNGLE'),
       ('555', '', 'JUNGLE'),
       ('556', '', 'MOUNTAIN'),
       ('557', '', 'JUNGLE'),
       ('558', '', 'MOUNTAIN'),
       ('559', '', 'LAND'),
       ('560', '', 'LAND'),
       ('561', '', 'FOREST'),
       ('562', '', 'JUNGLE'),
       ('563', '', 'LAND'),
       ('564', '', 'JUNGLE'),
       ('565', '', 'JUNGLE'),
       ('566', '', 'JUNGLE'),
       ('567', '', 'MOUNTAIN'),
       ('568', '', 'MOUNTAIN'),
       ('569', '', 'MOUNTAIN'),
       ('570', '', 'JUNGLE'),
       ('571', '', 'LAND'),
       ('572', '', 'LAND'),
       ('573', '', 'HILL'),
       ('574', '', 'JUNGLE'),
       ('575', '', 'JUNGLE'),
       ('576', '', 'JUNGLE'),
       ('577', '', 'JUNGLE'),
       ('578', '', 'LAND'),
       ('579', '', 'LAND'),
       ('580', '', 'LAND'),
       ('581', '', 'JUNGLE'),
       ('582', '', 'LAND'),
       ('583', '', 'HILL'),
       ('584', '', 'HILL'),
       ('585', '', 'HILL'),
       ('586', '', 'JUNGLE'),
       ('587', '', 'LAND'),
       ('588', '', 'LAND'),
       ('589', '', 'HILL'),
       ('590', '', 'LAND'),
       ('591', '', 'LAND'),
       ('1.S', '', 'SEA'),
       ('2.S', '', 'SEA'),
       ('3.S', '', 'SEA'),
       ('4.S', '', 'SEA'),
       ('5.S', '', 'SEA'),
       ('6.S', '', 'SEA'),
       ('7.S', '', 'SEA'),
       ('8.S', '', 'SEA'),
       ('9.S', '', 'SEA'),
       ('10.S', '', 'SEA'),
       ('11.S', '', 'SEA'),
       ('12.S', '', 'SEA'),
       ('13.S', '', 'SEA'),
       ('14.S', '', 'SEA'),
       ('15.S', '', 'SEA'),
       ('16.S', '', 'SEA'),
       ('17.S', '', 'SEA'),
       ('18.S', '', 'SEA'),
       ('19.S', '', 'SEA'),
       ('20.S', '', 'SEA'),
       ('21.S', '', 'SEA'),
       ('22.S', '', 'SEA'),
       ('23.S', '', 'SEA'),
       ('24.S', '', 'SEA'),
       ('25.S', '', 'SEA'),
       ('26.S', '', 'SEA'),
       ('27.S', '', 'SEA'),
       ('28.S', '', 'SEA'),
       ('29.S', '', 'SEA'),
       ('30.S', '', 'SEA'),
       ('31.S', '', 'SEA'),
       ('32.S', '', 'SEA'),
       ('33.S', '', 'SEA'),
       ('34.S', '', 'SEA'),
       ('35.S', '', 'SEA'),
       ('36.S', '', 'SEA'),
       ('37.S', '', 'SEA'),
       ('38.S', '', 'SEA'),
       ('39.S', '', 'SEA'),
       ('40.S', '', 'SEA');

UPDATE regions
SET has_ownership_changed_since_last_claimmap_update = false;

-- Neighbours
INSERT INTO region_neighbours(region, neighbour)
VALUES ('1', '2.S'),
       ('2', '2.S'),
       ('3', '1.S'),
       ('4', '1.S'),
       ('4', '6'),
       ('5', '1.S'),
       ('6', '1.S'),
       ('6', '4'),
       ('6', '7'),
       ('6', '13'),
       ('7', '1.S'),
       ('7', '6'),
       ('7', '8'),
       ('7', '12'),
       ('7', '13'),
       ('8', '2.S'),
       ('8', '7'),
       ('8', '12'),
       ('8', '11'),
       ('8', '9'),
       ('9', '5.S'),
       ('9', '10'),
       ('9', '8'),
       ('9', '49'),
       ('10', '9'),
       ('11', '8'),
       ('11', '49'),
       ('11', '12'),
       ('12', '7'),
       ('12', '8'),
       ('12', '49'),
       ('12', '11'),
       ('12', '13'),
       ('13', '7'),
       ('13', '12'),
       ('13', '48'),
       ('13', '6'),
       ('13', '14'),
       ('14', '13'),
       ('14', '47'),
       ('14', '15'),
       ('14', '46'),
       ('15', '14'),
       ('15', '46'),
       ('15', '45'),
       ('15', '16'),
       ('16', '15'),
       ('16', '45'),
       ('16', '17'),
       ('17', '16'),
       ('17', '45'),
       ('17', '43'),
       ('17', '67'),
       ('17', '40'),
       ('17', '42'),
       ('17', '41'),
       ('17', '18'),
       ('18', '17'),
       ('18', '19'),
       ('18', '40'),
       ('19', '18'),
       ('19', '20'),
       ('19', '38'),
       ('19', '23'),
       ('19', '21'),
       ('19', '40'),
       ('20', '19'),
       ('21', '19'),
       ('21', '23'),
       ('21', '24'),
       ('21', '22'),
       ('22', '21'),
       ('22', '24'),
       ('22', '25'),
       ('23', '19'),
       ('23', '21'),
       ('23', '24'),
       ('23', '38'),
       ('24', '23'),
       ('24', '21'),
       ('24', '22'),
       ('24', '25'),
       ('24', '38'),
       ('24', '37'),
       ('25', '22'),
       ('25', '24'),
       ('25', '26'),
       ('25', '37'),
       ('25', '27'),
       ('26', '25'),
       ('26', '27'),
       ('27', '26'),
       ('27', '25'),
       ('27', '37'),
       ('27', '28'),
       ('28', '27'),
       ('28', '37'),
       ('28', '36'),
       ('28', '35'),
       ('28', '29'),
       ('28', '33'),
       ('28', '31'),
       ('29', '28'),
       ('29', '31'),
       ('29', '30'),
       ('30', '29'),
       ('30', '39.S'),
       ('30', '31'),
       ('31', '30'),
       ('31', '39.S'),
       ('31', '32'),
       ('31', '33'),
       ('31', '29'),
       ('31', '28'),
       ('32', '31'),
       ('32', '33'),
       ('32', '39.S'),
       ('32', '34'),
       ('33', '31'),
       ('33', '32'),
       ('33', '34'),
       ('33', '28'),
       ('33', '35'),
       ('34', '39.S'),
       ('34', '32'),
       ('34', '33'),
       ('34', '35'),
       ('34', '83'),
       ('34', '84'),
       ('34', '85'),
       ('34', '86'),
       ('35', '28'),
       ('35', '33'),
       ('35', '36'),
       ('35', '34'),
       ('35', '83'),
       ('35', '79'),
       ('35', '81'),
       ('35', '82'),
       ('36', '28'),
       ('36', '35'),
       ('36', '37'),
       ('36', '79'),
       ('37', '36'),
       ('37', '28'),
       ('37', '27'),
       ('37', '78'),
       ('37', '25'),
       ('37', '24'),
       ('37', '38'),
       ('38', '37'),
       ('38', '24'),
       ('38', '23'),
       ('38', '19'),
       ('38', '77'),
       ('38', '76'),
       ('38', '39'),
       ('38', '40'),
       ('39', '38'),
       ('39', '76'),
       ('39', '74'),
       ('39', '40'),
       ('40', '19'),
       ('40', '18'),
       ('40', '38'),
       ('40', '39'),
       ('40', '74'),
       ('40', '41'),
       ('40', '17'),
       ('41', '40'),
       ('41', '17'),
       ('41', '42'),
       ('41', '72'),
       ('41', '71'),
       ('41', '69'),
       ('41', '68'),
       ('42', '17'),
       ('42', '41'),
       ('42', '67'),
       ('42', '68'),
       ('43', '17'),
       ('43', '67'),
       ('43', '45'),
       ('43', '243'),
       ('43', '4.S'),
       ('43', '44'),
       ('44', '5.S'),
       ('44', '43'),
       ('44', '65'),
       ('44', '50'),
       ('44', '52'),
       ('44', '63'),
       ('45', '43'),
       ('45', '4.S'),
       ('45', '46'),
       ('45', '15'),
       ('45', '16'),
       ('45', '17'),
       ('45', '243'),
       ('46', '45'),
       ('46', '3.S'),
       ('46', '15'),
       ('46', '14'),
       ('46', '47'),
       ('47', '3.S'),
       ('47', '46'),
       ('47', '14'),
       ('47', '48'),
       ('48', '3.S'),
       ('48', '47'),
       ('48', '13'),
       ('48', '49'),
       ('49', '48'),
       ('49', '12'),
       ('49', '11'),
       ('49', '9'),
       ('49', '4.S'),
       ('50', '6.S'),
       ('50', '44'),
       ('50', '52'),
       ('50', '53'),
       ('50', '51'),
       ('51', '50'),
       ('51', '6.S'),
       ('51', '54'),
       ('51', '53'),
       ('52', '44'),
       ('52', '50'),
       ('52', '53'),
       ('52', '63'),
       ('52', '61'),
       ('53', '52'),
       ('53', '50'),
       ('53', '51'),
       ('53', '54'),
       ('53', '57'),
       ('53', '58'),
       ('53', '61'),
       ('54', '6.S'),
       ('54', '51'),
       ('54', '53'),
       ('54', '57'),
       ('55', '6.S'),
       ('56', '7.S'),
       ('57', '9.S'),
       ('57', '54'),
       ('57', '53'),
       ('57', '58'),
       ('57', '119'),
       ('58', '53'),
       ('58', '59'),
       ('58', '57'),
       ('58', '119'),
       ('59', '58'),
       ('59', '60'),
       ('59', '62'),
       ('59', '119'),
       ('59', '118'),
       ('60', '59'),
       ('60', '53'),
       ('60', '61'),
       ('60', '62'),
       ('61', '53'),
       ('61', '52'),
       ('61', '63'),
       ('61', '62'),
       ('61', '60'),
       ('62', '63'),
       ('62', '61'),
       ('62', '118'),
       ('62', '59'),
       ('62', '60'),
       ('63', '117'),
       ('63', '62'),
       ('63', '61'),
       ('63', '52'),
       ('63', '64'),
       ('63', '65'),
       ('63', '44'),
       ('64', '63'),
       ('64', '65'),
       ('64', '116'),
       ('64', '117'),
       ('65', '44'),
       ('65', '67'),
       ('65', '63'),
       ('65', '64'),
       ('65', '116'),
       ('65', '115'),
       ('66', '67'),
       ('66', '114'),
       ('67', '43'),
       ('67', '17'),
       ('67', '42'),
       ('67', '68'),
       ('67', '69'),
       ('67', '114'),
       ('67', '66'),
       ('67', '65'),
       ('68', '42'),
       ('68', '41'),
       ('68', '69'),
       ('68', '67'),
       ('69', '41'),
       ('69', '68'),
       ('69', '70'),
       ('69', '113'),
       ('69', '114'),
       ('69', '67'),
       ('70', '69'),
       ('70', '71'),
       ('70', '109'),
       ('70', '111'),
       ('71', '41'),
       ('71', '72'),
       ('71', '108'),
       ('71', '109'),
       ('71', '70'),
       ('72', '71'),
       ('72', '41'),
       ('72', '74'),
       ('72', '73'),
       ('72', '107'),
       ('72', '138'),
       ('72', '134'),
       ('73', '105'),
       ('73', '74'),
       ('73', '72'),
       ('73', '107'),
       ('74', '40'),
       ('74', '39'),
       ('74', '76'),
       ('74', '75'),
       ('74', '73'),
       ('75', '74'),
       ('75', '76'),
       ('75', '105'),
       ('76', '39'),
       ('76', '38'),
       ('76', '77'),
       ('76', '103'),
       ('76', '104'),
       ('76', '105'),
       ('76', '74'),
       ('76', '75'),
       ('77', '38'),
       ('77', '99'),
       ('77', '100'),
       ('77', '101'),
       ('77', '102'),
       ('77', '103'),
       ('77', '76'),
       ('78', '77'),
       ('78', '37'),
       ('78', '79'),
       ('78', '97'),
       ('78', '98'),
       ('78', '99'),
       ('79', '78'),
       ('79', '36'),
       ('79', '35'),
       ('79', '80'),
       ('79', '81'),
       ('79', '96'),
       ('79', '97'),
       ('80', '79'),
       ('80', '81'),
       ('80', '96'),
       ('81', '35'),
       ('81', '82'),
       ('81', '80'),
       ('81', '96'),
       ('81', '95'),
       ('82', '35'),
       ('82', '81'),
       ('82', '91'),
       ('82', '95'),
       ('82', '93'),
       ('83', '35'),
       ('83', '34'),
       ('83', '94'),
       ('83', '90'),
       ('83', '82'),
       ('83', '91'),
       ('84', '34'),
       ('84', '85'),
       ('84', '90'),
       ('84', '83'),
       ('85', '34'),
       ('85', '84'),
       ('85', '89'),
       ('85', '87'),
       ('85', '86'),
       ('86', '34'),
       ('86', '85'),
       ('86', '87'),
       ('86', '38.S'),
       ('87', '86'),
       ('87', '38.S'),
       ('87', '88'),
       ('87', '89'),
       ('87', '226'),
       ('88', '87'),
       ('88', '226'),
       ('88', '227'),
       ('88', '228'),
       ('88', '225'),
       ('88', '89'),
       ('89', '88'),
       ('89', '87'),
       ('89', '85'),
       ('89', '90'),
       ('89', '225'),
       ('90', '89'),
       ('90', '84'),
       ('90', '83'),
       ('90', '91'),
       ('90', '92'),
       ('90', '224'),
       ('91', '83'),
       ('91', '90'),
       ('91', '82'),
       ('91', '92'),
       ('92', '90'),
       ('92', '91'),
       ('92', '93'),
       ('92', '224'),
       ('92', '230'),
       ('93', '92'),
       ('93', '223'),
       ('93', '222'),
       ('93', '94'),
       ('93', '82'),
       ('93', '95'),
       ('94', '93'),
       ('94', '222'),
       ('94', '156'),
       ('94', '95'),
       ('95', '93'),
       ('95', '94'),
       ('95', '156'),
       ('95', '155'),
       ('95', '96'),
       ('95', '82'),
       ('95', '81'),
       ('96', '95'),
       ('96', '81'),
       ('96', '80'),
       ('96', '79'),
       ('96', '97'),
       ('96', '155'),
       ('97', '96'),
       ('97', '79'),
       ('97', '78'),
       ('97', '98'),
       ('98', '97'),
       ('98', '78'),
       ('98', '155'),
       ('98', '154'),
       ('98', '99'),
       ('99', '98'),
       ('99', '78'),
       ('99', '77'),
       ('99', '100'),
       ('99', '153'),
       ('99', '154'),
       ('100', '99'),
       ('100', '77'),
       ('100', '101'),
       ('100', '102'),
       ('100', '151'),
       ('100', '153'),
       ('101', '77'),
       ('101', '102'),
       ('101', '100'),
       ('102', '101'),
       ('102', '77'),
       ('102', '100'),
       ('102', '151'),
       ('102', '103'),
       ('103', '102'),
       ('103', '151'),
       ('103', '150'),
       ('103', '148'),
       ('103', '149'),
       ('103', '77'),
       ('103', '76'),
       ('103', '104'),
       ('103', '147'),
       ('104', '103'),
       ('104', '76'),
       ('104', '146'),
       ('104', '147'),
       ('104', '145'),
       ('104', '105'),
       ('105', '104'),
       ('105', '75'),
       ('105', '76'),
       ('105', '73'),
       ('105', '106'),
       ('105', '145'),
       ('106', '105'),
       ('106', '145'),
       ('106', '143'),
       ('106', '141'),
       ('106', '107'),
       ('107', '106'),
       ('107', '138'),
       ('107', '73'),
       ('107', '72'),
       ('108', '72'),
       ('108', '71'),
       ('108', '134'),
       ('108', '109'),
       ('109', '108'),
       ('109', '70'),
       ('109', '71'),
       ('109', '111'),
       ('109', '110'),
       ('109', '132'),
       ('109', '134'),
       ('109', '133'),
       ('110', '109'),
       ('110', '111'),
       ('110', '132'),
       ('111', '112'),
       ('111', '110'),
       ('111', '109'),
       ('111', '131'),
       ('111', '132'),
       ('111', '70'),
       ('111', '113'),
       ('112', '111'),
       ('113', '111'),
       ('113', '69'),
       ('113', '114'),
       ('113', '178'),
       ('113', '130'),
       ('114', '113'),
       ('114', '69'),
       ('114', '67'),
       ('114', '66'),
       ('114', '179'),
       ('114', '126'),
       ('114', '115'),
       ('115', '114'),
       ('115', '179'),
       ('115', '126'),
       ('115', '125'),
       ('115', '124'),
       ('115', '116'),
       ('115', '65'),
       ('116', '115'),
       ('116', '65'),
       ('116', '124'),
       ('116', '64'),
       ('116', '117'),
       ('116', '118'),
       ('116', '123'),
       ('117', '116'),
       ('117', '118'),
       ('117', '64'),
       ('117', '63'),
       ('118', '116'),
       ('118', '117'),
       ('118', '123'),
       ('118', '119'),
       ('118', '62'),
       ('118', '59'),
       ('119', '118'),
       ('119', '59'),
       ('119', '57'),
       ('119', '121'),
       ('119', '58'),
       ('119', '9.S'),
       ('120', '8.S'),
       ('121', '9.S'),
       ('121', '119'),
       ('121', '122'),
       ('121', '187'),
       ('121', '189'),
       ('121', '190'),
       ('121', '191'),
       ('121', '123'),
       ('122', '121'),
       ('122', '123'),
       ('122', '191'),
       ('123', '122'),
       ('123', '121'),
       ('123', '186'),
       ('123', '191'),
       ('123', '125'),
       ('123', '124'),
       ('123', '116'),
       ('123', '118'),
       ('124', '123'),
       ('124', '125'),
       ('124', '115'),
       ('124', '116'),
       ('125', '124'),
       ('125', '115'),
       ('125', '126'),
       ('125', '184'),
       ('125', '123'),
       ('126', '125'),
       ('126', '115'),
       ('126', '179'),
       ('126', '114'),
       ('126', '130'),
       ('126', '127'),
       ('126', '128'),
       ('126', '182'),
       ('126', '183'),
       ('126', '180'),
       ('126', '184'),
       ('127', '126'),
       ('127', '128'),
       ('128', '127'),
       ('128', '126'),
       ('128', '129'),
       ('128', '130'),
       ('128', '181'),
       ('128', '180'),
       ('129', '128'),
       ('129', '130'),
       ('130', '129'),
       ('130', '178'),
       ('130', '181'),

       ('130', '126'),
       ('130', '131'),
       ('130', '113'),
       ('130', '132'),
       ('131', '130'),
       ('131', '111'),
       ('131', '132'),
       ('132', '131'),
       ('132', '109'),
       ('132', '110'),
       ('132', '111'),
       ('132', '133'),
       ('132', '177'),
       ('132', '176'),
       ('133', '132'),
       ('133', '109'),
       ('133', '135'),
       ('133', '175'),
       ('133', '176'),
       ('134', '109'),
       ('134', '108'),
       ('134', '72'),
       ('134', '137'),
       ('134', '135'),
       ('135', '134'),
       ('135', '133'),
       ('135', '136'),
       ('135', '173'),
       ('135', '175'),
       ('136', '135'),
       ('136', '173'),
       ('136', '172'),
       ('136', '171'),
       ('136', '137'),
       ('136', '170'),
       ('137', '134'),
       ('137', '136'),
       ('137', '170'),
       ('137', '138'),
       ('137', '72'),
       ('138', '137'),
       ('138', '107'),
       ('138', '72'),
       ('138', '139'),
       ('138', '170'),
       ('139', '138'),
       ('139', '106'),
       ('139', '141'),
       ('139', '140'),
       ('139', '169'),
       ('140', '139'),
       ('140', '141'),
       ('140', '166'),
       ('140', '169'),
       ('141', '140'),
       ('141', '139'),
       ('141', '106'),
       ('141', '142'),
       ('141', '163'),
       ('141', '166'),
       ('142', '141'),
       ('142', '143'),
       ('142', '164'),
       ('142', '163'),
       ('142', '152'),
       ('143', '142'),
       ('143', '144'),
       ('143', '106'),
       ('143', '145'),
       ('143', '104'),
       ('143', '152'),
       ('144', '143'),
       ('145', '104'),
       ('145', '146'),
       ('145', '143'),
       ('145', '105'),
       ('145', '106'),
       ('145', '147'),
       ('145', '148'),
       ('146', '104'),
       ('146', '145'),
       ('147', '104'),
       ('147', '103'),
       ('147', '148'),
       ('147', '145'),
       ('148', '147'),
       ('148', '145'),
       ('148', '103'),
       ('148', '149'),
       ('148', '150'),
       ('148', '152'),
       ('149', '148'),
       ('149', '103'),
       ('150', '103'),
       ('150', '151'),
       ('150', '148'),
       ('150', '152'),
       ('151', '102'),
       ('151', '103'),
       ('151', '100'),
       ('151', '150'),
       ('151', '152'),
       ('152', '151'),
       ('152', '150'),
       ('152', '153'),
       ('152', '164'),
       ('152', '142'),
       ('152', '143'),
       ('152', '148'),
       ('152', '162'),
       ('153', '152'),
       ('153', '100'),
       ('153', '99'),
       ('153', '154'),
       ('153', '159'),
       ('153', '160'),
       ('154', '99'),
       ('154', '98'),
       ('154', '158'),
       ('154', '159'),
       ('154', '153'),
       ('155', '98'),
       ('155', '96'),
       ('155', '95'),
       ('155', '156'),
       ('155', '157'),
       ('155', '158'),
       ('156', '155'),
       ('156', '95'),
       ('156', '94'),
       ('156', '157'),
       ('156', '222'),
       ('156', '221'),
       ('157', '156'),
       ('157', '155'),
       ('157', '221'),
       ('157', '220'),
       ('157', '158'),
       ('158', '157'),
       ('158', '155'),
       ('158', '154'),
       ('158', '159'),
       ('158', '216'),
       ('158', '219'),
       ('159', '158'),
       ('159', '216'),
       ('159', '154'),
       ('159', '153'),
       ('159', '160'),
       ('159', '40.S'),
       ('160', '159'),
       ('160', '153'),
       ('160', '161'),
       ('160', '40.S'),
       ('161', '40.S'),
       ('161', '160'),
       ('161', '211'),
       ('161', '162'),
       ('162', '161'),
       ('162', '152'),
       ('162', '210'),
       ('162', '208'),
       ('162', '166'),
       ('162', '163'),
       ('163', '162'),
       ('163', '164'),
       ('163', '165'),
       ('163', '142'),
       ('163', '141'),
       ('163', '166'),
       ('164', '152'),
       ('164', '163'),
       ('164', '142'),
       ('165', '163'),
       ('166', '163'),
       ('166', '162'),
       ('166', '208'),
       ('166', '167'),
       ('166', '168'),
       ('166', '169'),
       ('166', '140'),
       ('166', '141'),
       ('167', '166'),
       ('167', '208'),
       ('167', '202'),
       ('167', '169'),
       ('167', '168'),
       ('168', '169'),
       ('168', '166'),
       ('168', '167'),
       ('169', '139'),
       ('169', '140'),
       ('169', '166'),
       ('169', '168'),
       ('169', '167'),
       ('169', '202'),
       ('169', '172'),
       ('169', '171'),
       ('169', '170'),
       ('170', '138'),
       ('170', '169'),
       ('170', '171'),
       ('170', '136'),
       ('170', '137'),
       ('171', '170'),
       ('171', '136'),
       ('171', '169'),
       ('171', '172'),
       ('172', '171'),
       ('172', '169'),
       ('172', '202'),
       ('172', '201'),
       ('172', '200'),
       ('172', '199'),
       ('172', '173'),
       ('173', '136'),
       ('173', '172'),
       ('173', '199'),
       ('173', '198'),
       ('173', '197'),
       ('173', '196'),
       ('173', '174'),
       ('173', '135'),
       ('174', '175'),
       ('174', '173'),
       ('174', '196'),
       ('174', '176'),
       ('175', '174'),
       ('175', '135'),
       ('175', '133'),
       ('175', '176'),
       ('176', '177'),
       ('176', '132'),
       ('176', '133'),
       ('176', '175'),
       ('176', '174'),
       ('176', '195'),
       ('176', '192'),
       ('177', '132'),
       ('177', '176'),
       ('177', '180'),
       ('178', '113'),
       ('178', '130'),
       ('179', '114'),
       ('179', '115'),
       ('179', '126'),
       ('180', '126'),
       ('180', '128'),
       ('180', '181'),
       ('180', '130'),
       ('180', '177'),
       ('180', '192'),
       ('180', '184'),
       ('180', '183'),
       ('180', '182'),
       ('181', '130'),
       ('181', '128'),
       ('181', '180'),
       ('182', '126'),
       ('182', '183'),
       ('182', '180'),
       ('183', '126'),
       ('183', '182'),
       ('183', '180'),
       ('183', '184'),
       ('184', '125'),
       ('184', '126'),
       ('184', '183'),
       ('184', '180'),
       ('184', '192'),
       ('184', '191'),
       ('184', '185'),
       ('184', '186'),
       ('184', '123'),
       ('185', '184'),
       ('186', '184'),
       ('186', '123'),
       ('186', '191'),
       ('187', '121'),
       ('187', '191'),
       ('187', '189'),
       ('187', '188'),
       ('188', '187'),
       ('189', '187'),
       ('189', '121'),
       ('189', '190'),
       ('189', '191'),
       ('190', '189'),
       ('190', '191'),
       ('190', '121'),
       ('190', '10.S'),
       ('191', '123'),
       ('191', '122'),
       ('191', '186'),
       ('191', '184'),
       ('191', '192'),
       ('191', '193'),
       ('191', '187'),
       ('191', '189'),
       ('191', '121'),
       ('192', '191'),
       ('192', '184'),
       ('192', '180'),
       ('192', '176'),
       ('192', '193'),
       ('193', '191'),
       ('193', '192'),
       ('193', '195'),
       ('193', '194'),
       ('193', '11.S'),
       ('194', '11.S'),
       ('194', '193'),
       ('195', '11.S'),
       ('195', '193'),
       ('195', '176'),
       ('195', '196'),
       ('195', '250'),
       ('195', '249'),
       ('196', '174'),
       ('196', '173'),
       ('196', '197'),
       ('196', '200'),
       ('196', '249'),
       ('196', '195'),
       ('197', '173'),
       ('197', '196'),
       ('197', '198'),
       ('198', '173'),
       ('198', '199'),
       ('198', '200'),
       ('198', '197'),
       ('199', '173'),
       ('199', '172'),
       ('199', '198'),
       ('200', '172'),
       ('200', '201'),
       ('200', '245'),
       ('200', '246'),
       ('200', '247'),
       ('200', '248'),
       ('200', '249'),
       ('200', '196'),
       ('200', '198'),
       ('201', '172'),
       ('201', '202'),
       ('201', '208'),
       ('201', '203'),
       ('201', '242'),
       ('201', '245'),
       ('201', '200'),
       ('202', '169'),
       ('202', '167'),
       ('202', '208'),
       ('202', '201'),
       ('202', '172'),
       ('203', '201'),
       ('203', '205'),
       ('203', '204'),
       ('204', '208'),
       ('204', '207'),
       ('204', '206'),
       ('204', '241'),
       ('204', '205'),
       ('204', '203'),
       ('205', '203'),
       ('205', '204'),
       ('206', '204'),
       ('206', '207'),
       ('206', '240'),
       ('206', '241'),
       ('207', '208'),
       ('207', '209'),
       ('207', '237'),
       ('207', '238'),
       ('207', '239'),
       ('207', '240'),
       ('207', '206'),
       ('207', '204'),
       ('208', '166'),
       ('208', '162'),
       ('208', '210'),
       ('208', '209'),
       ('208', '207'),
       ('208', '204'),
       ('208', '201'),
       ('208', '202'),
       ('208', '167'),
       ('209', '208'),
       ('209', '210'),
       ('209', '213'),
       ('209', '236'),
       ('209', '237'),
       ('209', '207'),
       ('210', '162'),
       ('210', '211'),
       ('210', '212'),
       ('210', '213'),
       ('210', '209'),
       ('210', '208'),
       ('211', '161'),
       ('211', '40.S'),
       ('211', '214'),
       ('211', '212'),
       ('211', '210'),
       ('212', '211'),
       ('212', '214'),
       ('212', '213'),
       ('212', '210'),
       ('213', '212'),
       ('213', '214'),
       ('213', '215'),
       ('213', '219'),
       ('213', '236'),
       ('213', '209'),
       ('213', '210'),
       ('213', '244'),
       ('214', '40.S'),
       ('214', '215'),
       ('214', '244'),
       ('214', '213'),
       ('214', '212'),
       ('214', '211'),
       ('215', '40.S'),
       ('215', '216'),
       ('215', '218'),
       ('215', '219'),
       ('215', '213'),
       ('215', '214'),
       ('216', '40.S'),
       ('216', '159'),
       ('216', '158'),
       ('216', '219'),
       ('216', '218'),
       ('216', '215'),
       ('217', '40.S'),
       ('218', '216'),
       ('218', '219'),
       ('218', '215'),
       ('219', '216'),
       ('219', '158'),
       ('219', '220'),
       ('219', '234'),
       ('219', '235'),
       ('219', '236'),
       ('219', '213'),
       ('219', '214'),
       ('219', '218'),
       ('220', '219'),
       ('220', '157'),
       ('220', '221'),
       ('220', '232'),
       ('220', '233'),
       ('220', '234'),
       ('221', '156'),
       ('221', '222'),
       ('221', '232'),
       ('221', '231'),
       ('221', '272'),
       ('221', '157'),
       ('221', '220'),
       ('222', '156'),
       ('222', '94'),
       ('222', '93'),
       ('222', '223'),
       ('222', '231'),
       ('222', '221'),
       ('223', '93'),
       ('223', '230'),
       ('223', '276'),

       ('223', '231'),
       ('223', '222'),
       ('224', '92'),
       ('224', '90'),
       ('224', '225'),
       ('224', '229'),
       ('224', '230'),
       ('225', '89'),
       ('225', '88'),
       ('225', '228'),
       ('225', '229'),
       ('225', '224'),
       ('226', '87'),
       ('226', '88'),
       ('226', '227'),
       ('226', '279'),
       ('226', '38.S'),
       ('227', '226'),
       ('227', '279'),
       ('227', '278'),
       ('227', '88'),
       ('227', '228'),
       ('228', '88'),
       ('228', '227'),
       ('228', '278'),
       ('228', '277'),
       ('228', '229'),
       ('228', '225'),
       ('229', '224'),
       ('229', '225'),
       ('229', '228'),
       ('229', '227'),
       ('229', '276'),
       ('229', '230'),
       ('230', '92'),
       ('230', '224'),
       ('230', '229'),
       ('230', '276'),
       ('230', '223'),
       ('231', '222'),
       ('231', '223'),
       ('231', '273'),
       ('231', '221'),
       ('232', '221'),
       ('232', '220'),
       ('232', '289'),
       ('232', '271'),
       ('232', '272'),
       ('232', '233'),
       ('233', '220'),
       ('233', '232'),
       ('233', '271'),
       ('233', '270'),
       ('233', '234'),
       ('234', '219'),
       ('234', '220'),
       ('234', '233'),
       ('234', '270'),
       ('234', '294'),
       ('234', '295'),
       ('234', '235'),
       ('235', '219'),
       ('235', '234'),
       ('235', '295'),
       ('235', '269'),
       ('235', '236'),
       ('236', '213'),
       ('236', '219'),
       ('236', '235'),
       ('236', '269'),
       ('236', '298'),
       ('236', '268'),
       ('236', '267'),
       ('236', '237'),
       ('236', '209'),
       ('237', '209'),
       ('237', '236'),
       ('237', '267'),
       ('237', '266'),
       ('237', '238'),
       ('237', '207'),
       ('238', '207'),
       ('238', '237'),
       ('238', '266'),
       ('238', '239'),
       ('239', '207'),
       ('239', '238'),
       ('239', '266'),
       ('239', '265'),
       ('239', '240'),
       ('240', '207'),
       ('240', '239'),
       ('240', '265'),
       ('240', '308'),
       ('240', '342'),
       ('240', '338'),
       ('240', '309'),
       ('240', '264'),
       ('240', '241'),
       ('240', '206'),
       ('241', '204'),
       ('241', '206'),
       ('241', '240'),
       ('241', '264'),
       ('241', '261'),
       ('241', '242'),
       ('242', '201'),
       ('242', '241'),
       ('242', '261'),
       ('242', '245'),
       ('243', '45'),
       ('243', '43'),
       ('244', '213'),
       ('244', '214'),
       ('245', '201'),
       ('245', '242'),
       ('245', '261'),
       ('245', '259'),
       ('245', '258'),
       ('245', '246'),
       ('245', '200'),
       ('246', '200'),
       ('246', '245'),
       ('246', '258'),
       ('246', '257'),
       ('246', '247'),
       ('247', '248'),
       ('247', '200'),
       ('247', '246'),
       ('247', '257'),
       ('247', '317'),
       ('247', '318'),
       ('247', '320'),
       ('247', '256'),
       ('248', '249'),
       ('248', '200'),
       ('248', '247'),
       ('248', '256'),
       ('249', '195'),
       ('249', '196'),
       ('249', '200'),
       ('249', '248'),
       ('249', '256'),
       ('249', '250'),
       ('250', '195'),
       ('250', '249'),
       ('250', '256'),
       ('250', '252'),
       ('250', '251'),
       ('251', '12.S'),
       ('251', '250'),
       ('251', '252'),
       ('251', '321'),
       ('252', '250'),
       ('252', '251'),
       ('252', '253'),
       ('252', '321'),
       ('253', '252'),
       ('253', '320'),
       ('253', '321'),
       ('253', '319'),
       ('253', '256'),
       ('256', '250'),
       ('256', '249'),
       ('256', '247'),
       ('256', '253'),
       ('256', '320'),
       ('257', '246'),
       ('257', '258'),
       ('257', '314'),
       ('257', '315'),
       ('257', '316'),
       ('257', '247'),
       ('258', '245'),
       ('258', '260'),
       ('258', '257'),
       ('258', '246'),
       ('259', '245'),
       ('259', '261'),
       ('259', '260'),
       ('260', '259'),
       ('260', '261'),
       ('260', '262'),
       ('260', '312'),
       ('260', '258'),
       ('261', '242'),
       ('261', '264'),
       ('261', '241'),
       ('261', '309'),
       ('261', '263'),
       ('261', '262'),
       ('261', '260'),
       ('261', '259'),
       ('261', '245'),
       ('262', '261'),
       ('262', '263'),
       ('262', '260'),
       ('263', '262'),
       ('263', '261'),
       ('263', '311'),
       ('263', '312'),
       ('264', '240'),
       ('264', '309'),
       ('264', '261'),
       ('264', '241'),
       ('265', '240'),
       ('265', '239'),
       ('265', '266'),
       ('265', '308'),
       ('266', '239'),
       ('266', '238'),
       ('266', '237'),
       ('266', '267'),
       ('266', '300'),
       ('266', '308'),
       ('266', '265'),
       ('267', '237'),
       ('267', '236'),
       ('267', '268'),
       ('267', '300'),
       ('267', '266'),
       ('268', '236'),
       ('268', '298'),
       ('268', '299'),
       ('268', '267'),
       ('269', '236'),
       ('269', '235'),
       ('269', '295'),
       ('269', '305'),
       ('269', '304'),
       ('269', '296'),
       ('269', '297'),
       ('269', '298'),
       ('270', '234'),
       ('270', '233'),
       ('270', '271'),
       ('270', '292'),
       ('270', '293'),
       ('271', '233'),
       ('271', '232'),
       ('271', '289'),
       ('271', '292'),
       ('271', '270'),
       ('272', '232'),
       ('272', '221'),
       ('272', '273'),
       ('272', '288'),
       ('272', '287'),
       ('272', '289'),
       ('273', '231'),
       ('273', '274'),
       ('273', '287'),
       ('273', '272'),
       ('274', '223'),
       ('274', '275'),
       ('274', '287'),
       ('274', '273'),
       ('274', '231'),
       ('275', '276'),
       ('275', '277'),
       ('275', '287'),
       ('275', '274'),
       ('276', '230'),
       ('276', '277'),
       ('276', '275'),
       ('276', '223'),
       ('276', '229'),
       ('277', '229'),
       ('277', '228'),
       ('277', '279'),
       ('277', '283'),
       ('277', '280'),
       ('277', '278'),
       ('277', '285'),
       ('277', '275'),
       ('277', '276'),
       ('278', '228'),
       ('278', '227'),
       ('278', '279'),
       ('278', '283'),
       ('279', '37.S'),
       ('279', '226'),
       ('279', '227'),
       ('279', '278'),
       ('279', '283'),
       ('279', '280'),
       ('280', '37.S'),
       ('280', '279'),
       ('280', '283'),
       ('280', '282'),
       ('280', '281'),
       ('281', '280'),
       ('281', '282'),
       ('281', '362'),
       ('281', '37.S'),
       ('282', '280'),
       ('282', '281'),
       ('282', '361'),
       ('282', '284'),
       ('282', '283'),
       ('283', '278'),
       ('283', '277'),
       ('283', '282'),
       ('283', '284'),
       ('283', '285'),
       ('284', '283'),
       ('284', '282'),
       ('284', '360'),
       ('284', '286'),
       ('285', '277'),
       ('285', '283'),
       ('285', '286'),
       ('285', '287'),
       ('286', '285'),
       ('286', '284'),
       ('286', '358'),
       ('286', '356'),
       ('286', '288'),
       ('286', '287'),
       ('287', '275'),
       ('287', '285'),
       ('287', '286'),
       ('287', '288'),
       ('287', '274'),
       ('287', '273'),
       ('287', '272'),
       ('288', '272'),
       ('288', '287'),
       ('288', '286'),
       ('288', '356'),
       ('288', '289'),
       ('289', '272'),
       ('289', '288'),
       ('289', '355'),
       ('289', '290'),
       ('289', '271'),
       ('289', '232'),
       ('290', '289'),
       ('290', '355'),
       ('290', '352'),
       ('290', '291'),
       ('290', '292'),
       ('291', '290'),
       ('291', '352'),
       ('291', '292'),
       ('292', '271'),
       ('292', '290'),
       ('292', '291'),
       ('292', '349'),
       ('292', '383'),
       ('292', '385'),
       ('292', '348'),
       ('292', '270'),
       ('293', '270'),
       ('293', '348'),
       ('293', '294'),
       ('294', '234'),
       ('294', '293'),
       ('294', '347'),
       ('294', '295'),
       ('294', '345'),
       ('295', '235'),
       ('295', '234'),
       ('295', '294'),
       ('295', '305'),
       ('295', '269'),
       ('296', '269'),
       ('296', '297'),
       ('296', '303'),
       ('297', '269'),
       ('297', '296'),
       ('297', '302'),
       ('297', '298'),
       ('298', '236'),
       ('298', '269'),
       ('298', '297'),
       ('298', '301'),
       ('298', '299'),
       ('298', '268'),
       ('299', '268'),
       ('299', '298'),
       ('299', '301'),
       ('299', '300'),
       ('300', '267'),
       ('300', '299'),
       ('300', '301'),
       ('300', '308'),
       ('300', '266'),
       ('301', '299'),
       ('301', '298'),
       ('301', '302'),
       ('301', '304'),
       ('301', '307'),
       ('301', '308'),
       ('301', '300'),
       ('302', '297'),
       ('302', '303'),
       ('302', '301'),
       ('303', '302'),
       ('303', '296'),
       ('303', '304'),
       ('304', '303'),
       ('304', '269'),
       ('304', '305'),
       ('304', '306'),
       ('304', '307'),
       ('304', '301'),
       ('305', '269'),
       ('305', '295'),
       ('305', '345'),
       ('305', '306'),
       ('305', '304'),
       ('306', '304'),
       ('306', '305'),
       ('306', '345'),
       ('306', '343'),
       ('306', '308'),
       ('306', '307'),
       ('307', '301'),
       ('307', '306'),
       ('307', '308'),
       ('308', '266'),
       ('308', '300'),
       ('308', '301'),
       ('308', '307'),
       ('308', '306'),
       ('308', '342'),
       ('308', '240'),
       ('308', '265'),
       ('309', '264'),
       ('309', '240'),
       ('309', '338'),
       ('309', '342'),
       ('309', '337'),
       ('309', '336'),
       ('309', '311'),
       ('309', '261'),
       ('309', '310'),
       ('310', '309'),
       ('311', '263'),
       ('311', '261'),
       ('311', '309'),
       ('311', '336'),
       ('311', '313'),
       ('311', '312'),
       ('312', '260'),
       ('312', '263'),
       ('312', '311'),
       ('312', '313'),
       ('312', '314'),
       ('312', '257'),
       ('313', '312'),
       ('313', '311'),
       ('313', '336'),
       ('313', '335'),
       ('313', '330'),
       ('313', '314'),
       ('314', '257'),
       ('314', '312'),
       ('314', '313'),
       ('314', '329'),
       ('314', '315'),
       ('315', '257'),
       ('315', '314'),
       ('315', '327'),
       ('315', '329'),
       ('315', '328'),
       ('315', '316'),
       ('316', '257'),
       ('316', '315'),
       ('316', '327'),
       ('316', '326'),
       ('316', '323'),
       ('316', '317'),
       ('316', '247'),
       ('317', '247'),
       ('317', '316'),
       ('317', '323'),
       ('317', '318'),
       ('318', '247'),
       ('318', '317'),
       ('318', '323'),
       ('318', '319'),
       ('319', '320'),
       ('319', '318'),
       ('319', '322'),
       ('319', '321'),
       ('319', '253'),
       ('320', '256'),
       ('320', '247'),
       ('320', '319'),
       ('320', '253'),
       ('321', '12.S'),
       ('321', '251'),
       ('321', '252'),
       ('321', '253'),
       ('321', '319'),
       ('321', '322'),
       ('322', '13.S'),
       ('322', '319'),
       ('322', '323'),
       ('322', '325'),
       ('322', '321'),
       ('323', '318'),
       ('323', '317'),
       ('323', '316'),
       ('323', '326'),
       ('323', '325'),
       ('323', '324'),
       ('323', '322'),
       ('324', '323'),
       ('324', '325'),
       ('325', '323'),
       ('325', '326'),
       ('325', '322'),
       ('325', '13.S'),
       ('325', '324'),
       ('325', '330'),
       ('325', '331'),
       ('326', '316'),
       ('326', '327'),
       ('326', '329'),
       ('326', '330'),
       ('326', '325'),
       ('326', '323'),
       ('327', '315'),
       ('327', '329'),
       ('327', '326'),
       ('327', '316'),
       ('327', '328'),
       ('328', '315'),
       ('328', '327'),
       ('329', '314'),
       ('329', '330'),
       ('329', '326'),
       ('329', '327'),
       ('329', '315'),
       ('330', '329'),
       ('330', '313'),
       ('330', '335'),
       ('330', '331'),
       ('330', '326'),
       ('331', '14.S'),
       ('331', '325'),
       ('331', '330'),
       ('331', '335'),
       ('331', '333'),
       ('331', '334'),
       ('332', '14.S'),
       ('332', '333'),
       ('333', '331'),
       ('333', '334'),
       ('333', '14.S'),
       ('333', '332'),
       ('334', '331'),
       ('334', '333'),
       ('335', '313'),
       ('335', '336'),
       ('335', '337'),
       ('335', '339'),
       ('335', '15.S'),
       ('335', '331'),
       ('335', '330'),
       ('336', '313'),
       ('336', '311'),
       ('336', '309'),
       ('336', '337'),
       ('336', '335'),
       ('337', '335'),
       ('337', '336'),
       ('337', '309'),
       ('338', '240'),
       ('338', '309'),
       ('339', '335'),
       ('339', '342'),
       ('339', '341'),
       ('339', '15.S'),
       ('340', '15.S'),
       ('341', '15.S'),
       ('341', '339'),
       ('341', '342'),
       ('341', '343'),
       ('341', '392'),
       ('342', '240'),
       ('342', '308'),
       ('342', '343'),
       ('342', '341'),
       ('342', '339'),
       ('342', '309'),
       ('343', '306'),
       ('343', '345'),
       ('343', '344'),
       ('343', '391'),
       ('343', '392'),
       ('343', '341'),
       ('343', '342'),
       ('344', '345'),
       ('344', '346'),
       ('344', '391'),
       ('344', '343'),
       ('345', '343'),
       ('345', '306'),
       ('345', '305'),
       ('345', '294'),
       ('345', '346'),
       ('345', '344'),
       ('346', '345'),
       ('346', '347'),
       ('346', '388'),
       ('346', '389'),
       ('346', '390'),
       ('346', '344'),
       ('347', '294'),
       ('347', '348'),
       ('347', '387'),
       ('347', '346'),
       ('348', '293'),
       ('348', '292'),
       ('348', '385'),
       ('348', '386'),
       ('348', '347'),
       ('349', '292'),
       ('349', '352'),
       ('349', '350'),
       ('349', '383'),
       ('350', '349'),
       ('350', '352'),
       ('352', '291'),
       ('352', '290'),
       ('352', '354'),
       ('352', '353'),
       ('352', '381'),
       ('352', '382'),
       ('352', '350'),
       ('352', '349'),
       ('353', '352'),
       ('353', '354'),
       ('353', '372'),
       ('353', '381'),
       ('354', '355'),
       ('354', '357'),
       ('354', '372'),
       ('354', '353'),
       ('354', '352'),
       ('355', '289'),
       ('355', '356'),
       ('355', '354'),
       ('355', '290'),
       ('356', '355'),
       ('356', '288'),
       ('356', '286'),
       ('356', '358'),
       ('356', '357'),
       ('357', '356'),
       ('357', '358'),
       ('357', '367'),
       ('357', '354'),
       ('358', '286'),
       ('358', '359'),
       ('358', '357'),
       ('358', '356'),
       ('359', '358'),
       ('359', '360'),
       ('359', '367'),
       ('360', '284'),
       ('360', '361'),
       ('360', '365'),
       ('360', '368'),
       ('360', '367'),
       ('360', '359'),
       ('361', '282'),
       ('361', '362'),
       ('361', '363'),
       ('361', '365'),
       ('361', '360'),
       ('362', '36.S'),
       ('362', '281'),
       ('362', '363'),
       ('362', '361'),
       ('363', '36.S'),
       ('363', '362'),
       ('363', '361'),
       ('363', '364'),
       ('364', '35.S'),
       ('364', '363'),
       ('364', '365'),
       ('364', '366'),
       ('364', '371'),
       ('365', '360'),
       ('365', '361'),
       ('365', '364'),
       ('365', '366'),
       ('366', '365'),
       ('366', '364'),
       ('366', '370'),
       ('366', '369'),
       ('366', '368'),
       ('367', '357'),
       ('367', '359'),
       ('367', '360'),
       ('367', '368'),
       ('367', '373'),
       ('367', '372'),
       ('368', '367'),
       ('368', '360'),
       ('368', '366'),
       ('368', '369'),
       ('368', '373'),
       ('369', '368'),
       ('369', '366'),
       ('369', '370'),
       ('369', '374'),
       ('370', '366'),
       ('370', '371'),
       ('370', '375'),
       ('370', '369'),
       ('371', '35.S'),
       ('371', '364'),
       ('371', '376'),
       ('371', '370'),
       ('372', '354'),
       ('372', '367'),
       ('372', '373'),
       ('372', '353'),
       ('373', '372'),
       ('373', '367'),
       ('373', '368'),
       ('373', '374'),
       ('373', '381'),
       ('374', '373'),
       ('374', '369'),
       ('374', '375'),
       ('374', '380'),
       ('374', '381'),
       ('375', '370'),
       ('375', '376'),
       ('375', '377'),
       ('375', '379'),
       ('375', '380'),
       ('375', '374'),
       ('376', '371'),
       ('376', '35.S'),
       ('376', '377'),
       ('376', '375'),
       ('377', '34.S'),
       ('377', '376'),
       ('377', '378'),
       ('377', '379'),
       ('377', '375'),
       ('378', '34.S'),
       ('378', '377'),
       ('378', '379'),
       ('379', '32.S'),
       ('379', '380'),
       ('379', '375'),
       ('379', '377'),
       ('379', '378'),
       ('380', '33.S'),
       ('380', '381'),
       ('380', '374'),
       ('380', '375'),
       ('380', '379'),
       ('380', '382'),
       ('381', '373'),
       ('381', '374'),
       ('381', '380'),
       ('381', '353'),
       ('381', '352'),
       ('381', '382'),
       ('382', '352'),
       ('382', '381'),
       ('382', '380'),
       ('382', '383'),
       ('382', '33.S'),
       ('383', '33.S'),
       ('383', '349'),
       ('383', '382'),
       ('383', '384'),
       ('383', '292'),
       ('384', '383'),
       ('384', '33.S'),
       ('384', '405'),
       ('384', '385'),
       ('385', '292'),
       ('385', '384'),
       ('385', '405'),
       ('385', '386'),
       ('385', '348'),
       ('386', '348'),
       ('386', '385'),
       ('386', '404'),
       ('386', '387'),
       ('387', '347'),
       ('387', '386'),
       ('387', '404'),
       ('387', '388'),
       ('388', '346'),
       ('388', '387'),
       ('388', '403'),
       ('388', '402'),
       ('389', '346'),
       ('389', '402'),
       ('389', '390'),
       ('390', '391'),
       ('390', '346'),
       ('390', '389'),
       ('390', '401'),
       ('390', '400'),
       ('390', '399'),
       ('390', '392'),
       ('391', '343'),
       ('391', '344'),
       ('391', '390'),
       ('391', '392'),
       ('392', '343'),
       ('392', '391'),
       ('392', '390'),
       ('392', '398'),
       ('392', '393'),
       ('392', '15.S'),
       ('392', '341'),
       ('393', '16.S'),
       ('393', '392'),
       ('393', '398'),
       ('393', '394'),
       ('393', '395'),
       ('394', '393'),
       ('394', '398'),
       ('394', '395'),
       ('395', '16.S'),
       ('395', '393'),
       ('395', '394'),
       ('395', '398'),
       ('395', '397'),
       ('395', '396'),
       ('396', '395'),
       ('397', '16.S'),
       ('397', '395'),
       ('397', '426'),
       ('397', '427'),
       ('397', '428'),
       ('398', '392'),
       ('398', '399'),
       ('398', '425'),
       ('398', '426'),
       ('398', '395'),
       ('398', '394'),
       ('398', '393'),
       ('399', '390'),
       ('399', '400'),
       ('399', '423'),
       ('399', '424'),
       ('399', '425'),
       ('399', '398'),
       ('400', '390'),
       ('400', '401'),
       ('400', '408'),
       ('400', '422'),
       ('400', '423'),
       ('400', '399'),
       ('401', '390'),
       ('401', '402'),
       ('401', '408'),
       ('401', '400'),
       ('402', '389'),
       ('402', '388'),
       ('402', '403'),
       ('402', '407'),
       ('402', '408'),
       ('402', '401'),
       ('403', '388'),
       ('403', '404'),
       ('403', '406'),
       ('403', '407'),
       ('403', '402'),
       ('404', '387'),
       ('404', '386'),
       ('404', '405'),
       ('404', '406'),
       ('404', '403'),
       ('405', '33.S'),
       ('405', '385'),
       ('405', '384'),
       ('405', '412'),
       ('405', '406'),
       ('405', '404'),
       ('406', '404'),
       ('406', '405'),
       ('406', '412'),
       ('406', '411'),
       ('406', '410'),
       ('406', '407'),
       ('406', '403'),
       ('407', '403'),
       ('407', '406'),
       ('407', '410'),
       ('407', '409'),
       ('407', '408'),
       ('407', '402'),
       ('408', '402'),
       ('408', '407'),
       ('408', '420'),
       ('408', '421'),
       ('408', '422'),
       ('408', '400'),
       ('408', '401'),
       ('409', '407'),
       ('409', '418'),
       ('409', '420'),
       ('410', '407'),
       ('410', '406'),
       ('410', '411'),
       ('410', '418'),
       ('411', '406'),
       ('411', '412'),
       ('411', '415'),
       ('411', '410'),
       ('412', '405'),
       ('412', '32.S'),
       ('412', '413'),
       ('412', '415'),
       ('412', '411'),
       ('412', '406'),
       ('413', '412'),
       ('413', '414'),
       ('413', '416'),
       ('413', '29.S'),
       ('414', '413'),
       ('415', '411'),
       ('415', '412'),
       ('415', '416'),
       ('415', '418'),
       ('416', '413'),
       ('416', '415'),
       ('416', '419'),
       ('416', '30.S'),
       ('417', '30.S'),
       ('418', '409'),
       ('418', '410'),
       ('418', '415'),
       ('418', '419'),
       ('418', '420'),
       ('419', '418'),
       ('419', '416'),
       ('419', '31.S'),
       ('419', '440'),
       ('419', '420'),
       ('420', '408'),
       ('420', '409'),
       ('420', '418'),
       ('420', '419'),
       ('420', '440'),
       ('420', '439'),
       ('420', '438'),
       ('420', '422'),
       ('420', '421'),
       ('421', '408'),
       ('421', '420'),
       ('421', '422'),
       ('422', '408'),
       ('422', '421'),
       ('422', '420'),
       ('422', '438'),
       ('422', '437'),
       ('422', '436'),
       ('422', '435'),
       ('422', '423'),
       ('422', '400'),
       ('423', '400'),
       ('423', '422'),
       ('423', '435'),
       ('423', '434'),
       ('423', '433'),
       ('423', '424'),
       ('423', '399'),
       ('424', '399'),
       ('424', '423'),
       ('424', '433'),
       ('424', '443'),
       ('424', '444'),
       ('424', '457'),
       ('424', '456'),
       ('424', '432'),
       ('424', '425'),
       ('425', '398'),
       ('425', '399'),
       ('425', '424'),
       ('425', '431'),
       ('425', '426'),
       ('426', '397'),
       ('426', '398'),
       ('426', '425'),
       ('426', '431'),
       ('426', '429'),
       ('426', '428'),
       ('426', '427'),
       ('427', '397'),
       ('427', '426'),
       ('428', '17.S'),
       ('428', '397'),
       ('428', '426'),
       ('428', '429'),
       ('429', '17.S'),
       ('429', '428'),
       ('429', '426'),
       ('429', '431'),
       ('429', '430'),
       ('430', '17.S'),
       ('430', '429'),
       ('430', '431'),
       ('430', '447'),
       ('430', '448'),
       ('431', '429'),
       ('431', '426'),
       ('431', '425'),
       ('431', '432'),
       ('431', '447'),
       ('431', '430'),
       ('432', '431'),
       ('432', '424'),
       ('432', '456'),
       ('432', '445'),
       ('432', '446'),
       ('433', '424'),
       ('433', '423'),
       ('433', '434'),
       ('433', '435'),
       ('434', '423'),
       ('434', '435'),
       ('434', '433'),
       ('435', '423'),
       ('435', '422'),
       ('435', '436'),
       ('435', '443'),
       ('435', '433'),
       ('435', '434'),
       ('436', '422'),
       ('436', '437'),
       ('436', '442'),
       ('436', '435'),
       ('437', '438'),
       ('437', '439'),
       ('437', '442'),
       ('437', '436'),
       ('437', '422'),
       ('438', '420'),
       ('438', '439'),
       ('438', '437'),
       ('438', '422'),
       ('439', '420'),
       ('439', '440'),
       ('439', '442'),
       ('439', '437'),
       ('439', '438'),
       ('440', '420'),
       ('440', '419'),
       ('440', '31.S'),
       ('440', '441'),
       ('440', '439'),
       ('441', '30.S'),
       ('441', '440'),
       ('441', '461'),
       ('441', '460'),
       ('442', '439'),
       ('442', '460'),
       ('442', '459'),
       ('442', '443'),
       ('442', '436'),
       ('442', '437'),
       ('443', '442'),
       ('443', '435'),
       ('443', '458'),
       ('443', '424'),
       ('444', '424'),
       ('444', '458'),
       ('444', '457'),
       ('445', '432'),
       ('445', '456'),
       ('445', '455'),
       ('445', '446'),
       ('446', '447'),
       ('446', '432'),
       ('446', '445'),
       ('446', '455'),
       ('446', '454'),
       ('447', '430'),
       ('447', '431'),
       ('447', '446'),
       ('447', '453'),
       ('447', '448'),
       ('448', '430'),
       ('448', '447'),
       ('448', '453'),
       ('448', '452'),
       ('448', '449'),
       ('449', '18.S'),
       ('449', '448'),
       ('449', '451'),
       ('450', '18.S'),
       ('451', '449'),
       ('451', '452'),
       ('451', '19.S'),
       ('452', '448'),
       ('452', '451'),
       ('452', '453'),
       ('452', '474'),
       ('453', '447'),
       ('453', '448'),
       ('453', '454'),
       ('453', '452'),
       ('453', '473'),
       ('454', '446'),
       ('454', '455'),
       ('454', '471'),
       ('454', '453'),
       ('454', '472'),
       ('455', '445'),
       ('455', '456'),
       ('455', '470'),
       ('455', '454'),
       ('455', '446'),
       ('456', '424'),
       ('456', '457'),
       ('456', '469'),
       ('456', '470'),
       ('456', '455'),
       ('456', '445'),
       ('456', '432'),
       ('457', '424'),
       ('457', '444'),
       ('457', '458'),
       ('457', '459'),
       ('457', '468'),
       ('457', '469'),
       ('457', '456'),
       ('458', '443'),
       ('458', '459'),
       ('458', '457'),
       ('458', '444'),
       ('459', '442'),
       ('459', '460'),
       ('459', '466'),
       ('459', '467'),
       ('459', '468'),
       ('459', '457'),
       ('459', '458'),
       ('460', '442'),
       ('460', '441'),
       ('460', '461'),
       ('460', '465'),
       ('460', '459'),
       ('461', '30.S'),
       ('461', '441'),
       ('461', '463'),
       ('461', '464'),
       ('461', '460'),
       ('462', '29.S'),
       ('463', '29.S'),
       ('463', '461'),
       ('463', '491'),
       ('463', '494'),
       ('463', '488'),
       ('463', '487'),
       ('463', '486'),
       ('463', '465'),
       ('463', '464'),
       ('464', '461'),
       ('464', '463'),
       ('465', '460'),
       ('465', '463'),
       ('465', '486'),
       ('465', '485'),
       ('465', '466'),
       ('466', '467'),
       ('466', '459'),
       ('466', '465'),
       ('466', '485'),
       ('466', '468'),
       ('467', '459'),
       ('467', '466'),
       ('467', '468'),
       ('468', '459'),
       ('468', '467'),
       ('468', '466'),
       ('468', '485'),
       ('468', '484'),
       ('468', '469'),
       ('468', '457'),
       ('469', '457'),
       ('469', '468'),
       ('469', '483'),
       ('469', '482'),
       ('469', '470'),
       ('469', '456'),
       ('470', '455'),
       ('470', '456'),
       ('470', '469'),
       ('470', '482'),
       ('470', '471'),
       ('471', '470'),
       ('471', '481'),
       ('471', '472'),
       ('471', '454'),
       ('472', '471'),
       ('472', '481'),
       ('472', '480'),
       ('472', '473'),
       ('473', '453'),
       ('473', '472'),
       ('473', '480'),
       ('473', '479'),
       ('473', '474'),
       ('474', '452'),
       ('474', '473'),
       ('474', '478'),
       ('474', '477'),
       ('474', '475'),
       ('474', '20.S'),
       ('475', '20.S'),
       ('475', '474'),
       ('476', '20.S'),
       ('477', '20.S'),
       ('477', '474'),
       ('477', '478'),
       ('477', '509'),
       ('478', '479'),
       ('478', '507'),
       ('478', '532'),
       ('478', '510'),
       ('478', '509'),
       ('478', '477'),
       ('478', '474'),
       ('478', '20.S'),
       ('479', '480'),
       ('479', '507'),
       ('479', '478'),
       ('479', '473'),
       ('480', '472'),
       ('480', '481'),
       ('480', '506'),
       ('480', '507'),
       ('480', '479'),
       ('480', '473'),
       ('481', '482'),
       ('481', '505'),
       ('481', '506'),
       ('481', '480'),
       ('481', '472'),
       ('481', '471'),
       ('482', '470'),
       ('482', '469'),
       ('482', '483'),
       ('482', '481'),
       ('483', '469'),
       ('483', '484'),
       ('483', '505'),
       ('483', '482'),
       ('484', '468'),
       ('484', '485'),
       ('484', '502'),
       ('484', '504'),
       ('484', '483'),
       ('485', '466'),
       ('485', '465'),
       ('485', '486'),
       ('485', '502'),
       ('485', '484'),
       ('485', '468'),
       ('486', '463'),
       ('486', '487'),
       ('486', '488'),
       ('486', '497'),
       ('486', '500'),
       ('486', '502'),
       ('486', '485'),
       ('486', '465'),
       ('487', '463'),
       ('487', '488'),
       ('487', '486'),
       ('488', '487'),
       ('488', '463'),
       ('488', '496'),
       ('488', '497'),
       ('488', '486'),
       ('489', '490'),
       ('489', '28.S'),
       ('490', '489'),
       ('491', '28.S'),
       ('491', '492'),
       ('491', '493'),
       ('491', '463'),
       ('491', '494'),
       ('491', '519'),
       ('491', '520'),
       ('492', '491'),
       ('493', '491'),
       ('494', '463'),
       ('494', '491'),
       ('494', '495'),
       ('494', '519'),
       ('494', '496'),
       ('495', '494'),
       ('496', '488'),
       ('496', '494'),
       ('496', '519'),
       ('496', '522'),
       ('496', '518'),
       ('496', '498'),
       ('496', '497'),
       ('497', '488'),
       ('497', '496'),
       ('497', '498'),
       ('497', '486'),
       ('498', '497'),
       ('498', '496'),
       ('498', '518'),
       ('498', '499'),
       ('498', '500'),
       ('499', '498'),
       ('499', '518'),
       ('499', '517'),
       ('499', '500'),
       ('500', '486'),
       ('500', '498'),
       ('500', '499'),
       ('500', '517'),
       ('500', '516'),
       ('500', '501'),
       ('500', '515'),
       ('500', '502'),
       ('501', '500'),
       ('502', '484'),
       ('502', '485'),
       ('502', '496'),
       ('502', '500'),
       ('502', '514'),
       ('502', '503'),
       ('502', '504'),
       ('503', '502'),
       ('504', '505'),
       ('504', '484'),
       ('504', '502'),
       ('504', '513'),
       ('504', '512'),
       ('504', '506'),
       ('505', '483'),
       ('505', '504'),
       ('505', '506'),
       ('505', '481'),
       ('506', '481'),
       ('506', '505'),
       ('506', '504'),
       ('506', '512'),
       ('506', '507'),
       ('506', '480'),
       ('507', '480'),
       ('507', '506'),
       ('507', '512'),
       ('507', '511'),
       ('507', '530'),
       ('507', '532'),
       ('507', '478'),
       ('507', '479'),
       ('508', '21.S'),
       ('509', '21.S'),
       ('509', '477'),
       ('509', '478'),
       ('509', '510'),
       ('509', '551'),
       ('510', '478'),
       ('510', '532'),
       ('510', '551'),
       ('510', '509'),
       ('511', '506'),
       ('511', '512'),
       ('511', '530'),
       ('511', '507'),
       ('512', '506'),
       ('512', '504'),
       ('512', '513'),
       ('512', '530'),
       ('512', '511'),
       ('512', '507'),
       ('513', '504'),
       ('513', '514'),
       ('513', '528'),
       ('513', '529'),
       ('513', '530'),
       ('513', '512'),
       ('514', '502'),
       ('514', '515'),
       ('514', '528'),
       ('514', '513'),
       ('515', '500'),
       ('515', '516'),
       ('515', '527'),
       ('515', '539'),
       ('515', '528'),
       ('515', '514'),
       ('516', '500'),
       ('516', '517'),
       ('516', '524'),
       ('516', '522'),
       ('516', '526'),
       ('516', '515'),
       ('517', '499'),
       ('517', '518'),
       ('517', '524'),
       ('517', '516'),
       ('517', '500'),
       ('518', '498'),
       ('518', '496'),
       ('518', '522'),
       ('518', '523'),
       ('518', '524'),
       ('518', '517'),
       ('518', '499'),
       ('519', '494'),
       ('519', '491'),
       ('519', '520'),
       ('519', '522'),
       ('519', '496'),
       ('519', '27.S'),
       ('520', '27.S'),
       ('520', '521'),
       ('520', '519'),
       ('520', '491'),
       ('521', '520'),
       ('522', '27.S'),
       ('522', '496'),
       ('522', '519'),
       ('522', '525'),
       ('522', '516'),
       ('522', '524'),
       ('522', '523'),
       ('522', '518'),
       ('523', '518'),
       ('523', '522'),
       ('523', '524'),
       ('524', '517'),
       ('524', '518'),
       ('524', '523'),
       ('524', '522'),
       ('524', '516'),
       ('525', '27.S'),
       ('525', '522'),
       ('525', '540'),
       ('525', '543'),
       ('525', '526'),
       ('526', '516'),
       ('526', '525'),
       ('526', '543'),
       ('526', '527'),
       ('527', '515'),
       ('527', '526'),
       ('527', '543'),
       ('527', '544'),
       ('527', '539'),
       ('528', '514'),
       ('528', '515'),
       ('528', '539'),
       ('528', '536'),
       ('528', '529'),
       ('528', '513'),
       ('529', '513'),
       ('529', '528'),
       ('529', '536'),
       ('529', '535'),
       ('529', '530'),
       ('530', '511'),
       ('530', '512'),
       ('530', '513'),
       ('530', '529'),
       ('530', '535'),
       ('530', '548'),
       ('530', '534'),
       ('530', '533'),
       ('530', '532'),
       ('530', '531'),
       ('530', '507'),
       ('531', '530'),
       ('532', '507'),
       ('532', '530'),
       ('532', '533'),
       ('532', '534'),
       ('532', '550'),
       ('532', '478'),
       ('532', '510'),
       ('532', '551'),
       ('533', '530'),
       ('533', '534'),
       ('533', '532'),
       ('534', '530'),
       ('534', '548'),
       ('534', '549'),
       ('534', '532'),
       ('534', '533'),
       ('535', '530'),
       ('535', '529'),
       ('535', '536'),
       ('535', '548'),
       ('536', '529'),
       ('536', '528'),
       ('536', '539'),
       ('536', '538'),
       ('536', '537'),
       ('536', '546'),
       ('536', '547'),
       ('536', '557'),
       ('536', '548'),
       ('536', '535'),
       ('537', '536'),
       ('537', '539'),
       ('537', '546'),
       ('538', '536'),
       ('538', '539'),
       ('539', '515'),
       ('539', '527'),
       ('539', '538'),
       ('539', '528'),
       ('539', '536'),
       ('539', '537'),
       ('539', '545'),
       ('539', '544'),
       ('539', '546'),
       ('540', '27.S'),
       ('540', '525'),
       ('540', '542'),
       ('540', '543'),
       ('541', '27.S'),
       ('542', '26.S'),
       ('542', '540'),
       ('542', '543'),
       ('542', '561'),
       ('542', '560'),
       ('543', '526'),
       ('543', '525'),
       ('543', '540'),
       ('543', '542'),
       ('543', '560'),
       ('543', '527'),
       ('544', '539'),
       ('544', '527'),
       ('544', '560'),
       ('544', '559'),
       ('545', '539'),
       ('546', '536'),
       ('546', '537'),
       ('546', '539'),
       ('546', '559'),
       ('546', '564'),
       ('546', '565'),
       ('546', '557'),
       ('546', '547'),
       ('547', '536'),
       ('547', '546'),
       ('547', '557'),
       ('548', '535'),
       ('548', '536'),
       ('548', '557'),
       ('548', '556'),
       ('548', '555'),
       ('548', '554'),
       ('548', '549'),
       ('548', '534'),
       ('548', '540'),
       ('549', '534'),
       ('549', '548'),
       ('549', '554'),
       ('549', '553'),
       ('549', '550'),
       ('550', '551'),
       ('550', '532'),
       ('550', '549'),
       ('550', '552'),
       ('551', '21.S'),
       ('551', '509'),
       ('551', '510'),
       ('551', '532'),
       ('551', '550'),
       ('551', '552'),
       ('552', '22.S'),
       ('552', '551'),
       ('552', '550'),
       ('552', '553'),
       ('553', '22.S'),
       ('553', '552'),
       ('553', '549'),
       ('553', '554'),
       ('553', '571'),
       ('554', '548'),
       ('554', '555'),
       ('554', '570'),
       ('554', '574'),
       ('554', '571'),
       ('554', '553'),
       ('554', '549'),
       ('555', '548'),
       ('555', '556'),
       ('555', '566'),
       ('555', '570'),
       ('555', '554'),
       ('556', '548'),
       ('556', '557'),
       ('556', '566'),
       ('556', '555'),
       ('557', '548'),
       ('557', '536'),
       ('557', '547'),
       ('557', '546'),
       ('557', '565'),
       ('557', '566'),
       ('557', '558'),
       ('557', '556'),
       ('558', '557'),
       ('558', '566'),
       ('559', '544'),
       ('559', '560'),
       ('559', '546'),
       ('560', '543'),
       ('560', '542'),
       ('560', '561'),
       ('560', '563'),
       ('560', '564'),
       ('560', '559'),
       ('560', '544'),
       ('561', '26.S'),
       ('561', '542'),
       ('561', '563'),
       ('561', '560'),
       ('562', '27.S'),
       ('562', '26.S'),
       ('563', '26.S'),
       ('563', '561'),
       ('563', '560'),
       ('563', '564'),
       ('563', '577'),
       ('563', '578'),
       ('564', '546'),
       ('564', '560'),
       ('564', '563'),
       ('564', '577'),
       ('564', '565'),
       ('565', '564'),
       ('565', '577'),
       ('565', '576'),
       ('565', '566'),
       ('565', '557'),
       ('565', '546'),
       ('566', '557'),
       ('566', '565'),
       ('566', '558'),
       ('566', '556'),
       ('566', '555'),
       ('566', '567'),
       ('566', '568'),
       ('566', '569'),
       ('566', '576'),
       ('566', '570'),
       ('566', '575'),
       ('567', '566'),
       ('568', '566'),
       ('569', '566'),
       ('570', '554'),
       ('570', '555'),
       ('570', '566'),
       ('570', '575'),
       ('570', '574'),
       ('571', '22.S'),
       ('571', '553'),
       ('571', '554'),
       ('571', '574'),
       ('571', '572'),
       ('572', '23.S'),
       ('572', '571'),
       ('572', '574'),
       ('572', '573'),
       ('572', '588'),
       ('573', '572'),
       ('573', '588'),
       ('574', '554'),
       ('574', '570'),
       ('574', '571'),
       ('574', '572'),
       ('574', '575'),
       ('574', '586'),
       ('574', '588'),
       ('575', '570'),
       ('575', '566'),
       ('575', '576'),
       ('575', '586'),
       ('575', '574'),
       ('576', '566'),
       ('576', '565'),
       ('576', '577'),
       ('576', '586'),
       ('576', '575'),
       ('577', '564'),
       ('577', '563'),
       ('577', '578'),
       ('577', '565'),
       ('577', '576'),
       ('577', '582'),
       ('577', '586'),
       ('578', '25.S'),
       ('578', '563'),
       ('578', '577'),
       ('578', '582'),
       ('578', '583'),
       ('579', '25.S'),
       ('580', '25.S'),
       ('580', '581'),
       ('581', '580'),
       ('582', '25.S'),
       ('582', '578'),
       ('582', '583'),
       ('582', '577'),
       ('582', '586'),
       ('582', '584'),
       ('582', '585'),
       ('582', '587'),
       ('583', '582'),
       ('583', '578'),
       ('584', '582'),
       ('585', '582'),
       ('585', '587'),
       ('587', '582'),
       ('587', '586'),
       ('587', '24.S'),
       ('587', '585'),
       ('587', '588'),
       ('588', '587'),
       ('588', '574'),
       ('588', '573'),
       ('588', '23.S'),
       ('588', '586'),
       ('589', '23.S'),
       ('590', '24.S'),
       ('591', '24.S'),
       ('1.S', '3'),
       ('1.S', '4'),
       ('1.S', '5'),
       ('1.S', '6'),
       ('1.S', '7'),
       ('1.S', '2.S'),
       ('2.S', '1'),
       ('2.S', '2'),
       ('2.S', '8'),
       ('2.S', '5.S'),
       ('3.S', '46'),
       ('3.S', '47'),
       ('3.S', '48'),
       ('3.S', '4.S'),
       ('4.S', '3.S'),
       ('4.S', '43'),
       ('4.S', '45'),
       ('4.S', '49'),
       ('4.S', '5.S'),
       ('5.S', '9'),
       ('5.S', '44'),
       ('5.S', '2.S'),
       ('5.S', '4.S'),
       ('5.S', '6.S'),
       ('6.S', '50'),
       ('6.S', '51'),
       ('6.S', '54'),
       ('6.S', '55'),
       ('6.S', '5.S'),
       ('6.S', '7.S'),
       ('6.S', '9.S'),
       ('7.S', '56'),
       ('7.S', '6.S'),
       ('7.S', '8.S'),
       ('7.S', '9.S'),
       ('8.S', '120'),
       ('8.S', '7.S'),
       ('9.S', '57'),
       ('9.S', '119'),
       ('9.S', '121'),
       ('9.S', '6.S'),
       ('9.S', '7.S'),
       ('9.S', '10.S'),
       ('10.S', '190'),
       ('10.S', '9.S'),
       ('10.S', '11.S'),
       ('11.S', '193'),
       ('11.S', '194'),
       ('11.S', '195'),
       ('11.S', '10.S'),
       ('11.S', '12.S'),
       ('12.S', '251'),
       ('12.S', '321'),
       ('12.S', '11.S'),
       ('12.S', '13.S'),
       ('13.S', '322'),
       ('13.S', '325'),
       ('13.S', '12.S'),
       ('13.S', '14.S'),
       ('14.S', '331'),
       ('14.S', '332'),
       ('14.S', '333'),
       ('14.S', '13.S'),
       ('14.S', '15.S'),
       ('15.S', '335'),
       ('15.S', '339'),
       ('15.S', '340'),
       ('15.S', '341'),
       ('15.S', '392'),
       ('15.S', '14.S'),
       ('15.S', '16.S'),
       ('16.S', '393'),
       ('16.S', '395'),
       ('16.S', '397'),
       ('16.S', '15.S'),
       ('16.S', '17.S'),
       ('17.S', '428'),
       ('17.S', '429'),
       ('17.S', '430'),
       ('17.S', '16.S'),
       ('17.S', '18.S'),
       ('18.S', '449'),
       ('18.S', '450'),
       ('18.S', '17.S'),
       ('18.S', '19.S'),
       ('19.S', '451'),
       ('19.S', '452'),
       ('19.S', '18.S'),
       ('19.S', '20.S'),
       ('20.S', '474'),
       ('20.S', '475'),
       ('20.S', '476'),
       ('20.S', '477'),
       ('20.S', '478'),
       ('20.S', '19.S'),
       ('20.S', '21.S'),
       ('21.S', '508'),
       ('21.S', '509'),
       ('21.S', '551'),
       ('21.S', '20.S'),
       ('21.S', '22.S'),
       ('22.S', '552'),
       ('22.S', '553'),
       ('22.S', '571'),
       ('22.S', '21.S'),
       ('22.S', '23.S'),
       ('23.S', '572'),
       ('23.S', '588'),
       ('23.S', '589'),
       ('23.S', '22.S'),
       ('23.S', '24.S'),
       ('24.S', '587'),
       ('24.S', '590'),
       ('24.S', '591'),
       ('24.S', '23.S'),
       ('24.S', '25.S'),
       ('25.S', '578'),
       ('25.S', '579'),
       ('25.S', '580'),
       ('25.S', '581'),
       ('25.S', '582'),
       ('25.S', '24.S'),
       ('25.S', '26.S'),
       ('26.S', '542'),
       ('26.S', '561'),
       ('26.S', '562'),
       ('26.S', '563'),
       ('26.S', '25.S'),
       ('26.S', '27.S'),
       ('27.S', '519'),
       ('27.S', '520'),
       ('27.S', '522'),
       ('27.S', '525'),
       ('27.S', '540'),
       ('27.S', '541'),
       ('27.S', '562'),
       ('27.S', '26.S'),
       ('27.S', '28.S'),
       ('28.S', '489'),
       ('28.S', '491'),
       ('28.S', '27.S'),
       ('28.S', '29.S'),
       ('29.S', '413'),
       ('29.S', '462'),
       ('29.S', '463'),
       ('29.S', '28.S'),
       ('29.S', '30.S'),
       ('29.S', '32.S'),
       ('29.S', '34.S'),
       ('30.S', '416'),
       ('30.S', '417'),
       ('30.S', '441'),
       ('30.S', '461'),
       ('30.S', '29.S'),
       ('30.S', '31.S'),
       ('31.S', '419'),
       ('31.S', '440'),
       ('31.S', '30.S'),
       ('32.S', '379'),
       ('32.S', '412'),
       ('32.S', '29.S'),
       ('32.S', '33.S'),
       ('32.S', '34.S'),
       ('33.S', '380'),
       ('33.S', '383'),
       ('33.S', '384'),
       ('33.S', '405'),
       ('33.S', '32.S'),
       ('34.S', '377'),
       ('34.S', '378'),
       ('34.S', '29.S'),
       ('34.S', '32.S'),
       ('34.S', '35.S'),
       ('35.S', '364'),
       ('35.S', '371'),
       ('35.S', '376'),
       ('35.S', '34.S'),
       ('35.S', '36.S'),
       ('36.S', '362'),
       ('36.S', '363'),
       ('36.S', '35.S'),
       ('36.S', '37.S'),
       ('37.S', '279'),
       ('37.S', '280'),
       ('37.S', '281'),
       ('37.S', '36.S'),
       ('37.S', '38.S'),
       ('38.S', '86'),
       ('38.S', '87'),
       ('38.S', '226'),
       ('38.S', '37.S'),
       ('38.S', '39.S'),
       ('39.S', '30'),
       ('39.S', '31'),
       ('39.S', '32'),
       ('39.S', '34'),
       ('39.S', '38.S'),
       ('40.S', '159'),
       ('40.S', '160'),
       ('40.S', '161'),
       ('40.S', '211'),
       ('40.S', '214'),
       ('40.S', '215'),
       ('40.S', '216'),
       ('40.S', '217');

-- Factions
INSERT INTO factions(name, colorcode, faction_buff_descr, food_stockpile, home_region_id)
VALUES ('Angmar', '#b72d04',
        'Angmar mines and quarries produce twice as much stone and iron. Regions sacked by Angmar count as ice regions until repaired, except for movement time.',
        0, 68),
       ('Bree', '#4d4f20',
        'Trade companies move at double speed. Villages can have palisades, and factions trading weapons with Bree do not pay maintenance costs.',
        0, 128),
       ('Dale', '#17515a',
        'Double movement for ships on rivers. Fleets of large warships can navigate rivers. Archers in claimbuilds pay no upkeep.',
        0, 148),
       ('Dol Amroth', '#c1ffff',
        'Double movement speed in sea regions. Armies of Swan Knight Cavalry prevent enemy retreats.', 0, 332),
       ('Dol Guldur', '#52397c',
        ' of dead troops are resurrected after battle. Characters detach from defeated armies if any claimbuilds are controlled. Double speed in forests.',
        0, 165),
       ('Dorwinion', '#cd00cd',
        'Double production for farms and vineyards. Defenses take twice as long to breach. Trade companies can move through faction lands without open borders.',
        0, 211),
       ('Dunland', '#7e6a61',
        'Double movement in forests. Double resources from foresters lodges. Cavalry in Dunland takes longer to move through forests.',
        0, 174),
       ('Durin''s Folk', '#0000cd',
        'Double movement in mountains and hills. Double mine production in hills or mountain regions.', 0, 102),
       ('Ered Luin', '#a6c1f4',
        'Dwarven trade companies move through mountains and hills like flat land. Extra defenders for Dwarven military claimbuilds.',
        0, 52),
       ('Gondor', '#e9e9e9',
        'Gondor armies have different buffs depending on fiefdom. See individual fiefdom buffs for details.', 0, 263),
       ('Gulf of Harad', '#eecfa9', 'Armies include an Oliphant as siege gear that is unaffected by siege slowdown.', 0,
        440),
       ('Gundabad', '#5a4132', 'Armies, characters, and trade companies treat mountain tiles as flat land.', 0, 41),
       ('Half-Trolls', '#9f6c60', 'Use rhinos in wars and as siege rams. Half-Troll armies cannot retreat.', 0, 494),
       ('Harnennor', '#800000',
        'Double movement in deserts. Winning a skirmish destroys the enemy army and injures the character tied to it.',
        0, 391),
       ('Hobbits', '#7cfc00',
        'Huorns can be used as units. Farms and orchards produce double. Additional free food production site in claimbuilds.',
        0, 184),
       ('Isengard', '#262626',
        'Orc bombs breach walls. Double resources from iron, coal mines, and charred lumber yards.', 0, 197),
       ('Lindon', '#2964d2',
        'Double movement speed in sea regions. Injured characters respawn fully healed in the home region.', 0, 121),
       ('Lothlrien', '#ffff00', 'Double movement in forests and healing speed. Citadels cannot be sieged out.', 0,
        168),
       ('Mordor', '#ff0000',
        'Double movement speed in wastelands. Enemy movement is slower in Mordor mountains. Rams breach gates twice as fast.',
        0, 267),
       ('Morwaith', '#f4a460',
        'Double speed in flatlands. Double hunting lodge production. Gain coins for enemy units and players killed.', 0,
        461),
       ('Nomads', '#ffec8b', 'Can use Southron units. Double speed in deserts. Allies gain double desert speed.', 0,
        400),
       ('Rangers of the North', '#335e48',
        'Double movement in forests and hills. Can force a 1v1 battle when attacking.', 0, 131),
       ('Rhdel', '#c27c0e', 'Double gold mine production. Faster sieges with Easterling catapults and trebuchets.', 0,
        215),
       ('Rivendell', '#49688b',
        'Double healing and House of Lore production. Armies move through forests and hills like flat land.', 0, 110),
       ('Rohan', '#30ca30',
        'Double movement in flatlands. Cavalry costs the same as non-mounted units. Armies can move immediately after winning battles.',
        0, 245),
       ('Southron Coast', '#ffda00',
        'Double movement in sea regions. Surviving battles grants double speed and no cooldown for 24 hours.', 0, 426),
       ('Taurethrim', '#007c23',
        'Double movement in forests and jungles. Regenerate units after raids. Can boost their own production by choosing not to take raided resources.',
        0, 546),
       ('Umbar', '#ff7f50',
        'Double movement in sea regions. Corsair warship fleets steal resources from twice as many production sites.',
        0, 395),
       ('Woodland Realm', '#002e00',
        'Double movement in forests. Armies can declare skirmishes while moving into a region.', 0, 146),
       ('Wanderer', '#002e00', 'Can aid any faction.', 0, 195);

-------------------------------------------- Resources
INSERT INTO resources(id, resource_name, resource_type)
VALUES (1, 'Larch Wood', 'WOOD'),
       (2, 'Pear Wood', 'WOOD'),
       (3, 'Charred Wood', 'WOOD'),
       (4, 'Holly Wood', 'WOOD'),
       (5, 'Shire Pine Wood', 'WOOD'),
       (6, 'Mahogany Wood', 'WOOD'),
       (7, 'Apple Wood', 'WOOD'),
       (8, 'Kanuka Wood', 'WOOD'),
       (9, 'Green-Oak Wood', 'WOOD'),
       (10, 'Lime Wood', 'WOOD'),
       (11, 'Fir Wood', 'WOOD'),
       (12, 'Dragonblood Wood', 'WOOD'),
       (13, 'Almond Wood', 'WOOD'),
       (14, 'Baobab Wood', 'WOOD'),
       (15, 'Orange Wood', 'WOOD'),
       (16, 'Willow Wood', 'WOOD'),
       (17, 'Acacia Wood', 'WOOD'),
       (18, 'Maple Wood', 'WOOD'),
       (19, 'Oak Wood', 'WOOD'),
       (20, 'Aspen Wood', 'WOOD'),
       (21, 'Date Palm Wood', 'WOOD'),
       (22, 'Jungle Wood', 'WOOD'),
       (23, 'Lairelosse Wood', 'WOOD'),
       (24, 'Banana Wood', 'WOOD'),
       (25, 'Cedar Wood', 'WOOD'),
       (26, 'Mangrove Wood', 'WOOD'),
       (27, 'Cypress Wood', 'WOOD'),
       (28, 'Chestnut Wood', 'WOOD'),
       (29, 'Pine Wood', 'WOOD'),
       (30, 'Lebethron Wood', 'WOOD'),
       (31, 'Birch Wood', 'WOOD'),
       (32, 'Olive Wood', 'WOOD'),
       (33, 'Beech Wood', 'WOOD'),
       (34, 'Mango Wood', 'WOOD'),
       (35, 'Rotten Wood', 'WOOD'),
       (36, 'Spruce Wood', 'WOOD'),
       (37, 'Mirk-Oak Wood', 'WOOD'),
       (38, 'Cherry Wood', 'WOOD'),
       (39, 'Dark Oak Wood', 'WOOD'),
       (40, 'Lemon Wood', 'WOOD'),
       (41, 'Mallorn Wood', 'WOOD'),
       (42, 'Redwood Wood', 'WOOD'),
       (43, 'Chalk', 'STONE'),
       (44, 'Clay', 'SHOVELABLE'),
       (45, 'Ice', 'MINERAL'),
       (46, 'Luigon', 'STONE'),
       (47, 'Red Sandstone', 'STONE'),
       (48, 'Packed Ice', 'MINERAL'),
       (49, 'Cargon', 'STONE'),
       (50, 'White Sandstone', 'STONE'),
       (51, 'Cobblestone', 'STONE'),
       (52, 'Red Clay', 'SHOVELABLE'),
       (53, 'Rohan Rock', 'STONE'),
       (54, 'Snow', 'SHOVELABLE'),
       (55, 'Mordor Rock', 'STONE'),
       (56, 'Mud', 'SHOVELABLE'),
       (57, 'Gondor Rock', 'STONE'),
       (58, 'Sandstone', 'STONE'),
       (59, 'Hardened Clay', 'STONE'),
       (60, 'Coal', 'MINERAL'),
       (61, 'Lapis Lazuli', 'GEM'),
       (62, 'Obsidian', 'STONE'),
       (63, 'Gold', 'ORE'),
       (64, 'Silver', 'ORE'),
       (65, 'Mithril', 'ORE'),
       (66, 'Diamond', 'GEM'),
       (67, 'Topaz', 'GEM'),
       (68, 'Salt', 'MINERAL'),
       (69, 'Amethyst', 'GEM'),
       (70, 'Ruby', 'GEM'),
       (71, 'Sapphire', 'GEM'),
       (72, 'Tin', 'ORE'),
       (73, 'Copper', 'ORE'),
       (74, 'Durnor', 'MINERAL'),
       (75, 'Morgul Iron', 'ORE'),
       (76, 'Morgul Iron (Mordor)', 'ORE'),
       (77, 'Gulduril (Mordor)', 'GEM'),
       (78, 'Gulduril', 'GEM'),
       (79, 'Edhelvir', 'GEM'),
       (80, 'Iron', 'ORE'),
       (81, 'Glowstone', 'GEM'),
       (82, 'Emerald', 'GEM'),
       (83, 'Mutton', 'MEAT'),
       (84, 'Chicken', 'MEAT'),
       (85, 'Pork', 'MEAT'),
       (86, 'Rabbit', 'MEAT'),
       (87, 'Venison', 'MEAT'),
       (88, 'Camel', 'MEAT'),
       (89, 'Beef', 'MEAT'),
       (90, 'Rhino', 'MEAT'),
       (91, 'Lion', 'MEAT'),
       (92, 'Zebra', 'MEAT'),
       (93, 'Manflesh', 'MEAT'),
       (94, 'Leather', 'OTHER'),
       (95, 'Gemsbok Hide', 'OTHER'),
       (96, 'Wool', 'OTHER'),
       (97, 'Sugarcanes', 'CROP'),
       (98, 'Morgul Shroom', 'CROP'),
       (99, 'Flax', 'CROP'),
       (100, 'Pipe-weed', 'CROP'),
       (101, 'Reed', 'CROP'),
       (102, 'Potato', 'CROP'),
       (103, 'Melon', 'CROP'),
       (104, 'Carrot', 'CROP'),
       (105, 'Leek', 'CROP'),
       (106, 'Lettuce', 'CROP'),
       (107, 'Turnip', 'CROP'),
       (108, 'Yam', 'CROP'),
       (109, 'Corn', 'CROP'),
       (110, 'Blackberries', 'CROP'),
       (111, 'Wildberries', 'CROP'),
       (112, 'Blueberries', 'CROP'),
       (113, 'Elderberries', 'CROP'),
       (114, 'Cranberries', 'CROP'),
       (115, 'Greengrapes', 'CROP'),
       (116, 'Redgrapes', 'CROP'),
       (117, 'Raspberries', 'CROP'),
       (118, 'Wheat', 'CROP'),
       (119, 'Salmon', 'MEAT'),
       (120, 'Fish', 'MEAT'),
       (121, 'Orange', 'CROP'),
       (122, 'Banana', 'CROP'),
       (123, 'Mango', 'CROP'),
       (124, 'Lemon', 'CROP'),
       (125, 'Lime', 'CROP'),
       (126, 'Pomegranate', 'CROP'),
       (127, 'Pear', 'CROP'),
       (128, 'Cherry', 'CROP'),
       (129, 'Green Apple', 'CROP'),
       (130, 'Olive', 'CROP'),
       (131, 'Date', 'CROP'),
       (132, 'Plum', 'CROP'),
       (133, 'Red Apple', 'CROP'),
       (134, 'Cocoa', 'CROP'),
       (135, 'Chestnut', 'CROP'),
       (136, 'Mallorn Nut', 'CROP'),
       (137, 'Almond', 'CROP'),
       (138, 'Coin', 'COIN'),
       (139, 'Siege', 'SIEGE'),
       (140, 'Pearl', 'GEM'),
       (141, 'Purple Dye', 'OTHER'),
       (142, 'Cyan Dye', 'OTHER'),
       (143, 'Light Gray Dye', 'OTHER'),
       (144, 'Gray Dye', 'OTHER'),
       (145, 'Pink Dye', 'OTHER'),
       (146, 'Lime Dye', 'OTHER'),
       (147, 'Light Blue Dye', 'OTHER'),
       (148, 'Magenta Dye', 'OTHER'),
       (149, 'Orange Dye', 'OTHER'),
       (150, 'Yellow Dye', 'OTHER'),
       (151, 'White Dye', 'OTHER'),
       (152, 'Brown Dye', 'OTHER'),
       (153, 'Charcoal Dust', 'OTHER'),
       (154, 'Striking Scroll', 'OTHER'),
       (155, 'Punching Scroll', 'OTHER'),
       (156, 'Fierce Scroll', 'OTHER'),
       (157, 'Powerful Scroll', 'OTHER'),
       (158, 'Strong Scroll', 'OTHER'),
       (159, 'Eolean Scroll', 'OTHER'),
       (160, 'Deflecting Scroll', 'OTHER'),
       (161, 'Glancing Scroll', 'OTHER'),
       (162, 'Blessed Scroll', 'OTHER'),
       (163, 'Tough Scroll', 'OTHER'),
       (164, 'Steadfast Scroll', 'OTHER'),
       (165, 'Cooling Scroll', 'OTHER'),
       (166, 'Unwithering Scroll', 'OTHER'),
       (167, 'Belegostian Scroll', 'OTHER'),
       (168, 'Thicksoled Scroll', 'OTHER'),
       (169, 'Strongshod Scroll', 'OTHER'),
       (170, 'Lightfooted Scroll', 'OTHER'),
       (171, 'Fortunate Scroll', 'OTHER'),
       (172, 'Lucky Scroll', 'OTHER'),
       (173, 'Silken Scroll', 'OTHER'),
       (174, 'Masterful Scroll', 'OTHER'),
       (175, 'Hasty Scroll', 'OTHER'),
       (176, 'Nimble Scroll', 'OTHER'),
       (177, 'Handy Scroll', 'OTHER'),
       (178, 'Hulking Scroll', 'OTHER'),
       (179, 'Hefty Scroll', 'OTHER'),
       (180, 'Sharp Scroll', 'OTHER'),
       (181, 'Keen Scroll', 'OTHER'),
       (182, 'Mighty Scroll', 'OTHER'),
       (183, 'Legendary Scroll', 'OTHER'),
       (184, 'Hardy Scroll', 'OTHER'),
       (185, 'Lasting Scroll', 'OTHER'),
       (186, 'Enduring Scroll', 'OTHER'),
       (187, 'Swift Scroll', 'OTHER'),
       (188, 'Long Scroll', 'OTHER'),
       (189, 'Sand', 'SHOVELABLE');


-------------------------------------------- Production Sites
-- Quarry
INSERT INTO production_sites (type, produced_resource, amount_produced)
VALUES ('QUARRY', 'Chalk', 3456),
       ('QUARRY', 'Clay', 3456),
       ('QUARRY', 'Ice', 3456),
       ('QUARRY', 'Luigon', 3456),
       ('QUARRY', 'Red Sandstone', 3456),
       ('QUARRY', 'Packed Ice', 3456),
       ('QUARRY', 'Cargon', 3456),
       ('QUARRY', 'White Sandstone', 3456),
       ('QUARRY', 'Cobblestone', 3456),
       ('QUARRY', 'Red Clay', 3456),
       ('QUARRY', 'Rohan Rock', 3456),
       ('QUARRY', 'Snow', 3328),
       ('QUARRY', 'Mordor Rock', 3456),
       ('QUARRY', 'Mud', 3456),
       ('QUARRY', 'Gondor Rock', 3456),
       ('QUARRY', 'Sandstone', 3456),
       ('QUARRY', 'Sand', 3456),
       ('QUARRY', 'Hardened Clay', 864);

-- Lumber Camp
INSERT INTO production_sites (type, produced_resource, amount_produced)
VALUES ('LUMBER_CAMP', 'Larch Wood', 1728),
       ('LUMBER_CAMP', 'Pear Wood', 1728),
       ('LUMBER_CAMP', 'Charred Wood', 1728),
       ('LUMBER_CAMP', 'Holly Wood', 1728),
       ('LUMBER_CAMP', 'Shire Pine Wood', 1728),
       ('LUMBER_CAMP', 'Mahogany Wood', 1728),
       ('LUMBER_CAMP', 'Apple Wood', 1728),
       ('LUMBER_CAMP', 'Kanuka Wood', 1728),
       ('LUMBER_CAMP', 'Green-Oak Wood', 1728),
       ('LUMBER_CAMP', 'Lime Wood', 1728),
       ('LUMBER_CAMP', 'Fir Wood', 1728),
       ('LUMBER_CAMP', 'Dragonblood Wood', 1728),
       ('LUMBER_CAMP', 'Almond Wood', 1728),
       ('LUMBER_CAMP', 'Baobab Wood', 1728),
       ('LUMBER_CAMP', 'Orange Wood', 1728),
       ('LUMBER_CAMP', 'Willow Wood', 1728),
       ('LUMBER_CAMP', 'Acacia Wood', 1728),
       ('LUMBER_CAMP', 'Maple Wood', 1728),
       ('LUMBER_CAMP', 'Oak Wood', 1728),
       ('LUMBER_CAMP', 'Aspen Wood', 1728),
       ('LUMBER_CAMP', 'Date Palm Wood', 1728),
       ('LUMBER_CAMP', 'Jungle Wood', 1728),
       ('LUMBER_CAMP', 'Lairelosse Wood', 1728),
       ('LUMBER_CAMP', 'Banana Wood', 1728),
       ('LUMBER_CAMP', 'Cedar Wood', 1728),
       ('LUMBER_CAMP', 'Mangrove Wood', 1728),
       ('LUMBER_CAMP', 'Cypress Wood', 1728),
       ('LUMBER_CAMP', 'Chestnut Wood', 1728),
       ('LUMBER_CAMP', 'Pine Wood', 1728),
       ('LUMBER_CAMP', 'Lebethron Wood', 1728),
       ('LUMBER_CAMP', 'Birch Wood', 1728),
       ('LUMBER_CAMP', 'Olive Wood', 1728),
       ('LUMBER_CAMP', 'Beech Wood', 1728),
       ('LUMBER_CAMP', 'Mango Wood', 1728),
       ('LUMBER_CAMP', 'Rotten Wood', 1728),
       ('LUMBER_CAMP', 'Spruce Wood', 1728),
       ('LUMBER_CAMP', 'Mirk-Oak Wood', 1728),
       ('LUMBER_CAMP', 'Cherry Wood', 1728),
       ('LUMBER_CAMP', 'Dark Oak Wood', 1728),
       ('LUMBER_CAMP', 'Lemon Wood', 1728),
       ('LUMBER_CAMP', 'Mallorn Wood', 1728),
       ('LUMBER_CAMP', 'Redwood Wood', 1728);

-- Mine
INSERT INTO production_sites (type, produced_resource, amount_produced)
VALUES ('MINE', 'Coal', 64),
       ('MINE', 'Lapis Lazuli', 64),
       ('MINE', 'Obsidian', 64),
       ('MINE', 'Gold', 64),
       ('MINE', 'Silver', 128),
       ('MINE', 'Mithril', 4),
       ('MINE', 'Diamond', 64),
       ('MINE', 'Topaz', 128),
       ('MINE', 'Salt', 320),
       ('MINE', 'Amethyst', 128),
       ('MINE', 'Ruby', 128),
       ('MINE', 'Sapphire', 128),
       ('MINE', 'Tin', 320),
       ('MINE', 'Copper', 320),
       ('MINE', 'Durnor', 128),
       ('MINE', 'Morgul Iron', 320),
       ('MINE', 'Morgul Iron (Mordor)', 320),
       ('MINE', 'Gulduril (Mordor)', 128),
       ('MINE', 'Gulduril', 128),
       ('MINE', 'Edhelvir', 128),
       ('MINE', 'Iron', 320),
       ('MINE', 'Glowstone', 128),
       ('MINE', 'Emerald', 128);

-- Slaughterhouse
INSERT INTO production_sites (type, produced_resource, amount_produced)
VALUES ('SLAUGHTERHOUSE', 'Chicken', 576),
       ('SLAUGHTERHOUSE', 'Rabbit', 576),
       ('SLAUGHTERHOUSE', 'Camel', 576),
       ('SLAUGHTERHOUSE', 'Rhino', 576),
       ('SLAUGHTERHOUSE', 'Lion', 576),
       ('SLAUGHTERHOUSE', 'Zebra', 576),
       ('SLAUGHTERHOUSE', 'Manflesh', 576),
       ('SLAUGHTERHOUSE', 'Leather', 576),
       ('SLAUGHTERHOUSE', 'Mutton', 576),
       ('SLAUGHTERHOUSE', 'Pork', 576),
       ('SLAUGHTERHOUSE', 'Venison', 576),
       ('SLAUGHTERHOUSE', 'Beef', 576),
       ('SLAUGHTERHOUSE', 'Wool', 576),
       ('SLAUGHTERHOUSE', 'Gemsbok Hide', 576);

-- Farm
INSERT INTO production_sites (type, produced_resource, amount_produced)
VALUES ('FARM', 'Sugarcanes', 576),
       ('FARM', 'Morgul Shroom', 576),
       ('FARM', 'Flax', 576),
       ('FARM', 'Pipe-weed', 576),
       ('FARM', 'Reed', 576),
       ('FARM', 'Potato', 576),
       ('FARM', 'Melon', 576),
       ('FARM', 'Carrot', 576),
       ('FARM', 'Leek', 576),
       ('FARM', 'Lettuce', 576),
       ('FARM', 'Turnip', 576),
       ('FARM', 'Yam', 576),
       ('FARM', 'Corn', 576),
       ('FARM', 'Blackberries', 576),
       ('FARM', 'Wildberries', 576),
       ('FARM', 'Blueberries', 576),
       ('FARM', 'Elderberries', 576),
       ('FARM', 'Cranberries', 576),
       ('FARM', 'Greengrapes', 576),
       ('FARM', 'Redgrapes', 576),
       ('FARM', 'Raspberries', 576),
       ('FARM', 'Wheat', 1728);

-- Fishing Lodge
INSERT INTO production_sites (type, produced_resource, amount_produced)
VALUES ('FISHING_LODGE', 'Salmon', 576),
       ('FISHING_LODGE', 'Fish', 576);

-- Orchard
INSERT INTO production_sites (type, produced_resource, amount_produced)
VALUES ('ORCHARD', 'Orange', 576),
       ('ORCHARD', 'Banana', 576),
       ('ORCHARD', 'Mango', 576),
       ('ORCHARD', 'Lemon', 576),
       ('ORCHARD', 'Lime', 576),
       ('ORCHARD', 'Pomegranate', 576),
       ('ORCHARD', 'Pear', 576),
       ('ORCHARD', 'Cherry', 576),
       ('ORCHARD', 'Green Apple', 576),
       ('ORCHARD', 'Olive', 576),
       ('ORCHARD', 'Date', 576),
       ('ORCHARD', 'Plum', 576),
       ('ORCHARD', 'Red Apple', 576),
       ('ORCHARD', 'Cocoa', 576),
       ('ORCHARD', 'Chestnut', 576),
       ('ORCHARD', 'Almond', 576),
       ('ORCHARD', 'Mallorn Nut', 576);

-- Residential Building Income
INSERT INTO production_sites (type, produced_resource, amount_produced)
VALUES ('INCOME', 'Coin', 125),
       ('INCOME', 'Coin', 250),
       ('INCOME', 'Coin', 1000),
       ('INCOME', 'Coin', 5000);

-- Workshop
INSERT INTO production_sites (type, produced_resource, amount_produced)
VALUES ('WORKSHOP', 'Siege', 1);

-- Pearl Fisher
INSERT INTO production_sites (type, produced_resource, amount_produced)
VALUES ('PEARL_FISHER', 'Pearl', 64);

-- Dye House
INSERT INTO production_sites (type, produced_resource, amount_produced)
VALUES ('DYE_HOUSE', 'Purple Dye', 576),
       ('DYE_HOUSE', 'Cyan Dye', 576),
       ('DYE_HOUSE', 'Light Gray Dye', 576),
       ('DYE_HOUSE', 'Gray Dye', 576),
       ('DYE_HOUSE', 'Pink Dye', 576),
       ('DYE_HOUSE', 'Lime Dye', 576),
       ('DYE_HOUSE', 'Light Blue Dye', 576),
       ('DYE_HOUSE', 'Magenta Dye', 576),
       ('DYE_HOUSE', 'Orange Dye', 576),
       ('DYE_HOUSE', 'Yellow Dye', 576),
       ('DYE_HOUSE', 'White Dye', 576),
       ('DYE_HOUSE', 'Brown Dye', 576),
       ('DYE_HOUSE', 'Charcoal Dust', 576);

-- House of Lore
INSERT INTO production_sites (type, produced_resource, amount_produced)
VALUES ('HOUSE_OF_LORE', 'Striking Scroll', 2),
       ('HOUSE_OF_LORE', 'Punching Scroll', 2),
       ('HOUSE_OF_LORE', 'Fierce Scroll', 2),
       ('HOUSE_OF_LORE', 'Powerful Scroll', 2),
       ('HOUSE_OF_LORE', 'Strong Scroll', 2),
       ('HOUSE_OF_LORE', 'Eolean Scroll', 2),
       ('HOUSE_OF_LORE', 'Deflecting Scroll', 2),
       ('HOUSE_OF_LORE', 'Glancing Scroll', 2),
       ('HOUSE_OF_LORE', 'Blessed Scroll', 2),
       ('HOUSE_OF_LORE', 'Tough Scroll', 2),
       ('HOUSE_OF_LORE', 'Steadfast Scroll', 2),
       ('HOUSE_OF_LORE', 'Cooling Scroll', 2),
       ('HOUSE_OF_LORE', 'Unwithering Scroll', 2),
       ('HOUSE_OF_LORE', 'Belegostian Scroll', 2),
       ('HOUSE_OF_LORE', 'Thicksoled Scroll', 2),
       ('HOUSE_OF_LORE', 'Strongshod Scroll', 2),
       ('HOUSE_OF_LORE', 'Lightfooted Scroll', 2),
       ('HOUSE_OF_LORE', 'Fortunate Scroll', 2),
       ('HOUSE_OF_LORE', 'Lucky Scroll', 2),
       ('HOUSE_OF_LORE', 'Silken Scroll', 2),
       ('HOUSE_OF_LORE', 'Masterful Scroll', 2),
       ('HOUSE_OF_LORE', 'Hasty Scroll', 2),
       ('HOUSE_OF_LORE', 'Nimble Scroll', 2),
       ('HOUSE_OF_LORE', 'Handy Scroll', 2),
       ('HOUSE_OF_LORE', 'Hulking Scroll', 2),
       ('HOUSE_OF_LORE', 'Hefty Scroll', 2),
       ('HOUSE_OF_LORE', 'Sharp Scroll', 2),
       ('HOUSE_OF_LORE', 'Keen Scroll', 2),
       ('HOUSE_OF_LORE', 'Mighty Scroll', 2),
       ('HOUSE_OF_LORE', 'Legendary Scroll', 2),
       ('HOUSE_OF_LORE', 'Hardy Scroll', 2),
       ('HOUSE_OF_LORE', 'Lasting Scroll', 2),
       ('HOUSE_OF_LORE', 'Enduring Scroll', 2),
       ('HOUSE_OF_LORE', 'Swift Scroll', 2),
       ('HOUSE_OF_LORE', 'Long Scroll', 2);

-------------------------------------------- Unit Types
-- Tier 1
INSERT INTO unit_types (unit_name, token_cost, is_mounted)
VALUES ('Hobbit Bounder', 2, false),
       ('Hillmen', 2, false);

-- Tier 2
INSERT INTO unit_types (unit_name, token_cost, is_mounted)
VALUES ('Gundabad Orc', 3, false),
       ('Lamedon Hillmen', 3, false),
       ('Mordor Wargs', 3, true),
       ('Gundabad Wargs', 3, true),
       ('Angmar Wargs', 3, true),
       ('Isengard Wargs', 3, true),
       ('Easterling Clansman', 3, false),
       ('Isengard Snaga', 3, false),
       ('Mordor Spiders', 3, true),
       ('Mirkwood Spiders', 3, true),
       ('Mounted Hobbit Bounder', 3, true),
       ('Gundabad Banner Bearer', 3, false);

-- Tier 3
INSERT INTO unit_types (unit_name, token_cost, is_mounted)
VALUES ('Mordor Orc', 4, false),
       ('Angmar Orc', 4, false),
       ('Dol Guldur Orc', 4, false),
       ('Levymen', 4, false),
       ('Nomad Guard', 4, false),
       ('Bree Guard', 4, false),
       ('Gundabad Orc Archers', 4, false),
       ('Rhudaur Axethrowers', 4, false),
       ('Dunlending Axethrowers', 4, false),
       ('Dol Amroth Men-at-arms', 4, false),
       ('Pelargir Marine', 4, false),
       ('Lamedon Warrior', 4, false),
       ('Rhudaur Warriors', 4, false),
       ('Dunlending Warriors', 4, false),
       ('Coast Southron Warrior', 4, false),
       ('Vintner Guard', 4, false),
       ('Gondorian Renegades', 4, false),
       ('Harnenor Soldier', 4, false),
       ('Gulfing Warrior', 4, false),
       ('Easterling Warrior', 4, false),
       ('Easterling Fire-thrower', 4, false),
       ('Southron Coast Warrior', 4, false),
       ('Snaga Orc Archers', 4, false),
       ('Taurethrim Warrior', 4, false),
       ('Morwaith Warrior', 4, false),
       ('Nomad Banner Bearer', 4, false),
       ('Mordor Banner Bearer', 4, false),
       ('Nan Ungol Banner Bearer', 4, false),
       ('Minas Morgul Banner Bearer', 4, false),
       ('Dol Guldur Banner Bearer', 4, false),
       ('Easterling Banner Bearer', 4, false),
       ('Dol Amroth Banner Bearer', 4, false),
       ('Lossarnach Banner Bearer', 4, false),
       ('Lebennin Banner Bearer', 4, false),
       ('Pelargir Banner Bearer', 4, false),
       ('Blackroot Vale Banner Bearer', 4, false),
       ('Pinnath Gelin Banner Bearer', 4, false),
       ('Lamedon Banner Bearer', 4, false),
       ('Taurethrim Banner Bearer', 4, false),
       ('Rhudaur Banner Bearer', 4, false),
       ('Morwaith Banner Bearer', 4, false),
       ('Dunlending Banner Bearer', 4, false),
       ('Coast Southron Banner Bearer', 4, false),
       ('Dorwinion Banner Bearer', 4, false),
       ('Harnennor Banner Bearer', 4, false),
       ('Gulfing Banner Bearer', 4, false),
       ('Angmar Banner Bearer', 4, false);

-- Tier 4
INSERT INTO unit_types (unit_name, token_cost, is_mounted)
VALUES ('Rohirrim Warriors', 6, false),
       ('Gondor Soldier', 6, false),
       ('Mordor Orc Archers', 6, false),
       ('Angmar Orc Archers', 6, false),
       ('Dol Guldur Orc Archers', 6, false),
       ('Taurethrim Blowgunners', 6, false),
       ('Easterling Archers', 6, false),
       ('Umbar Corsairs', 6, false),
       ('Umbar Soldiers', 6, false),
       ('Dunlending Bowmen', 6, false),
       ('Lossarnach Axemen', 6, false),
       ('Pinnath Gelin Soldiers', 6, false),
       ('Rohirrim Archers', 6, false),
       ('Half-Trolls', 6, false),
       ('Harnenor Archer', 6, false),
       ('Dalish Soldier', 6, false),
       ('Southron Coast Archers', 6, false),
       ('Gulfing Archer', 6, false),
       ('Blackroot Vale Soldiers', 6, false),
       ('Harnennor Warrior', 6, false),
       ('Gondor Tower Guard', 6, false),
       ('Gundabad Warg Riders', 6, true),
       ('Isengard Snaga Warg Riders', 6, true),
       ('Dol Amroth Men-at-arms Cavalry', 6, true),
       ('Lamedon Horseman', 6, true),
       ('Easterling Horseman', 6, true),
       ('Morwaith Zebra Rider', 6, true),
       ('Gondor Banner Bearer', 6, false),
       ('Dalish Banner Bearer', 6, false),
       ('Esgaroth Banner Bearer', 6, false),
       ('Umbar Banner Bearer', 6, false),
       ('Half Troll Banner Bearer', 6, false),
       ('Rohirrim Banner Bearer', 6, false);

-- Tier 5
INSERT INTO unit_types (unit_name, token_cost, is_mounted)
VALUES ('Gundabad Warg Rider Archers', 7, true),
       ('Isengard Snaga Warg Rider Archers', 7, true),
       ('Golden Easterling', 7, false);

-- Tier 6
INSERT INTO unit_types (unit_name, token_cost, is_mounted)
VALUES ('Rangers', 8, false),
       ('Ithilien Rangers', 8, false),
       ('Gondor Archers', 8, false),
       ('Umbar Archers', 8, false),
       ('Lamedon Archers', 8, false),
       ('Dalish Archer', 8, false),
       ('Wood-Elf Scouts', 8, false),
       ('Dunlending Berserkers', 8, false),
       ('Uruk Berserkers', 8, false),
       ('Gondor Cavalrymen', 8, true),
       ('Umbar Cavalrymen', 8, true),
       ('Blackroot Vale Cavalry', 8, true),
       ('Pinnath Gelin Cavalry', 8, true),
       ('Rohirrim Cavalry', 8, true),
       ('Ranger Outrider', 8, true),
       ('Southron Champions', 8, false),
       ('Ithilien Banner Bearer', 8, false),
       ('Ranger Banner Bearer', 8, false);

-- Tier 7
INSERT INTO unit_types (unit_name, token_cost, is_mounted)
VALUES ('Mordor Spider Archers', 9, true),
       ('Mirkwood Spider Archers', 9, true),
       ('Angmar Warg Archers', 9, true),
       ('Mordor Warg Archers', 9, true),
       ('Mounted Golden Easterlings', 9, true);

-- Tier 8
INSERT INTO unit_types (unit_name, token_cost, is_mounted)
VALUES ('Blackroot Vale Bowmen', 10, false),
       ('Dwarf Warriors', 10, false),
       ('Uruks', 10, false),
       ('Half-Troll Warrior', 10, false),
       ('Wood-Elf Warriors', 10, false),
       ('Elf Warriors', 10, false),
       ('Vintner Guard Crossbowmen', 10, false),
       ('Bladorthin Warriors', 10, false),
       ('Swan Knight', 10, false),
       ('Wood-Elf Banner Bearer', 10, false),
       ('Uruk Banner Bearer', 10, false),
       ('Dwarf Banner Bearer', 10, false),
       ('Blue Mountains Banner Bearer', 10, false),
       ('Galadhrim Banner Bearer', 10, false),
       ('Lindon Banner Bearer', 10, false),
       ('Rivendell Banner Bearer', 10, false);

-- Tier 9
INSERT INTO unit_types (unit_name, token_cost, is_mounted)
VALUES ('Black Uruks', 11, false),
       ('Lindon Cavalry', 11, true),
       ('Rivendell Cavalry', 11, true),
       ('Galadhrim Cavalry', 11, true),
       ('Wood-Elf Elk Rider', 11, true),
       ('Black Uruk Banner Bearer', 11, false);

-- Tier 10
INSERT INTO unit_types (unit_name, token_cost, is_mounted)
VALUES ('Dwarf Axe Throwers', 12, false),
       ('Uruk Archers', 12, false),
       ('Black Uruk Archer', 12, false),
       ('Bladorthin Archers', 12, false),
       ('Mounted Swan Knight', 12, true),
       ('Dwarven Boar Riders', 12, true),
       ('Dwarven Axe Thrower Boar Riders', 12, true);

-- Tier 11
INSERT INTO unit_types (unit_name, token_cost, is_mounted)
VALUES ('Angmar Troll', 16, false),
       ('Uruk Crossbowers', 16, false),
       ('Half-Troll Rhino Riders', 16, true);

-- Tier 12
INSERT INTO unit_types (unit_name, token_cost, is_mounted)
VALUES ('Mirk Trolls', 20, false),
       ('Hill Trolls', 20, false),
       ('Huorn', 20, false);

-- Tier 13
INSERT INTO unit_types (unit_name, token_cost, is_mounted)
VALUES ('Two-headed Angmar Trolls', 24, false);

-- Tier 14
INSERT INTO unit_types (unit_name, token_cost, is_mounted)
VALUES ('Two-headed Mirk Trolls', 30, false),
       ('Two-headed Hill Trolls', 30, false);

-- Tier 15
INSERT INTO unit_types (unit_name, token_cost, is_mounted)
VALUES ('Ologs', 50, false);

-- Tier 16
INSERT INTO unit_types (unit_name, token_cost, is_mounted)
VALUES ('Two-Headed Ologs', 90, false);


-- Add units to their corresponding faction
-- Angmar (Faction ID: 1)
INSERT INTO factions_units (unit_name, faction_id)
VALUES ('Angmar Wargs', 1),
       ('Angmar Orc', 1),
       ('Angmar Orc Archers', 1),
       ('Angmar Banner Bearer', 1),
       ('Angmar Troll', 1),
       ('Two-headed Angmar Trolls', 1),
       ('Hillmen', 1),
       ('Rhudaur Axethrowers', 1),
       ('Rhudaur Warriors', 1),
       ('Rhudaur Banner Bearer', 1),
       ('Hill Trolls', 1);

-- Bree (Faction ID: 2)
INSERT INTO factions_units (unit_name, faction_id)
VALUES ('Bree Guard', 2);

-- Dale (Faction ID: 3)
INSERT INTO factions_units (unit_name, faction_id)
VALUES ('Dalish Soldier', 3),
       ('Dalish Archer', 3),
       ('Dalish Banner Bearer', 3);

-- Dol Amroth (Faction ID: 4)
INSERT INTO factions_units (unit_name, faction_id)
VALUES ('Dol Amroth Men-at-arms', 4),
       ('Dol Amroth Men-at-arms Cavalry', 4),
       ('Dol Amroth Banner Bearer', 4),
       ('Swan Knight', 4),
       ('Mounted Swan Knight', 4);

-- Dol Guldur (Faction ID: 5)
INSERT INTO factions_units (unit_name, faction_id)
VALUES ('Dol Guldur Orc', 5),
       ('Dol Guldur Orc Archers', 5),
       ('Dol Guldur Banner Bearer', 5),
       ('Mirkwood Spiders', 5),
       ('Mordor Spiders', 5),
       ('Mirkwood Spider Archers', 5),
       ('Mirk Trolls', 5);

-- Dorwinion (Faction ID: 6)
INSERT INTO factions_units (unit_name, faction_id)
VALUES ('Vintner Guard', 6),
       ('Vintner Guard Crossbowmen', 6),
       ('Dorwinion Banner Bearer', 6),
       ('Bladorthin Warriors', 6),
       ('Bladorthin Archers', 6);

-- Dunland (Faction ID: 7)
INSERT INTO factions_units (unit_name, faction_id)
VALUES ('Dunlending Axethrowers', 7),
       ('Dunlending Warriors', 7),
       ('Dunlending Bowmen', 7),
       ('Dunlending Banner Bearer', 7),
       ('Dunlending Berserkers', 7);

-- Durin's Folk (Faction ID: 8)
INSERT INTO factions_units (unit_name, faction_id)
VALUES ('Dwarf Warriors', 8),
       ('Dwarf Axe Throwers', 8),
       ('Dwarven Boar Riders', 8),
       ('Dwarf Banner Bearer', 8),
       ('Dwarven Axe Thrower Boar Riders', 8);

-- Ered Luin (Faction ID: 9)
INSERT INTO factions_units (unit_name, faction_id)
VALUES ('Dwarf Warriors', 9),
       ('Dwarf Axe Throwers', 9),
       ('Dwarven Boar Riders', 9),
       ('Blue Mountains Banner Bearer', 9),
       ('Dwarven Axe Thrower Boar Riders', 9);

-- Gondor (Faction ID: 10)
INSERT INTO factions_units (unit_name, faction_id)
VALUES ('Gondor Soldier', 10),
       ('Gondor Archers', 10),
       ('Gondor Cavalrymen', 10),
       ('Gondor Banner Bearer', 10),
       ('Gondor Tower Guard', 10),
       ('Lamedon Warrior', 10),
       ('Lamedon Horseman', 10),
       ('Lamedon Banner Bearer', 10),
       ('Pelargir Marine', 10),
       ('Pelargir Banner Bearer', 10),
       ('Pinnath Gelin Soldiers', 10),
       ('Pinnath Gelin Cavalry', 10),
       ('Pinnath Gelin Banner Bearer', 10),
       ('Levymen', 10),
       ('Ithilien Rangers', 10),
       ('Ithilien Banner Bearer', 10),
       ('Blackroot Vale Soldiers', 10),
       ('Blackroot Vale Bowmen', 10),
       ('Blackroot Vale Cavalry', 10),
       ('Blackroot Vale Banner Bearer', 10);

-- Gulf of Harad (Faction ID: 11)
INSERT INTO factions_units (unit_name, faction_id)
VALUES ('Gulfing Warrior', 11),
       ('Gulfing Archer', 11),
       ('Gulfing Banner Bearer', 11);

-- Gundabad (Faction ID: 12)
INSERT INTO factions_units (unit_name, faction_id)
VALUES ('Gundabad Orc', 12),
       ('Gundabad Wargs', 12),
       ('Gundabad Warg Riders', 12),
       ('Gundabad Warg Rider Archers', 12),
       ('Gundabad Orc Archers', 12),
       ('Gundabad Banner Bearer', 12),
       ('Uruks', 12);

-- Half-Trolls (Faction ID: 13)
INSERT INTO factions_units (unit_name, faction_id)
VALUES ('Half-Trolls', 13),
       ('Half-Troll Warrior', 13),
       ('Half-Troll Rhino Riders', 13),
       ('Half Troll Banner Bearer', 13);

-- Harnennor (Faction ID: 14)
INSERT INTO factions_units (unit_name, faction_id)
VALUES ('Harnenor Soldier', 14),
       ('Harnenor Archer', 14),
       ('Harnennor Warrior', 14),
       ('Harnennor Banner Bearer', 14);

-- Hobbits (Faction ID: 15)
INSERT INTO factions_units (unit_name, faction_id)
VALUES ('Hobbit Bounder', 15),
       ('Mounted Hobbit Bounder', 15),
       ('Huorn', 15);

-- Isengard (Faction ID: 16)
INSERT INTO factions_units (unit_name, faction_id)
VALUES ('Isengard Wargs', 16),
       ('Isengard Snaga', 16),
       ('Isengard Snaga Warg Riders', 16),
       ('Isengard Snaga Warg Rider Archers', 16),
       ('Uruks', 16),
       ('Snaga Orc Archers', 16),
       ('Uruk Berserkers', 16);

-- Lindon (Faction ID: 17)
INSERT INTO factions_units (unit_name, faction_id)
VALUES ('Lindon Cavalry', 17),
       ('Lindon Banner Bearer', 17),
       ('Elf Warriors', 17);

-- Lothlrien (Faction ID: 18)
INSERT INTO factions_units (unit_name, faction_id)
VALUES ('Galadhrim Banner Bearer', 18),
       ('Galadhrim Cavalry', 18),
       ('Elf Warriors', 18);

-- Mordor (Faction ID: 19)
INSERT INTO factions_units (unit_name, faction_id)
VALUES ('Mordor Wargs', 19),
       ('Mordor Orc', 19),
       ('Mordor Orc Archers', 19),
       ('Mordor Spider Archers', 19),
       ('Mordor Banner Bearer', 19),
       ('Black Uruks', 19),
       ('Black Uruk Archer', 19),
       ('Black Uruk Banner Bearer', 19),
       ('Ologs', 19),
       ('Two-Headed Ologs', 19);

-- Morwaith (Faction ID: 20)
INSERT INTO factions_units (unit_name, faction_id)
VALUES ('Morwaith Warrior', 20),
       ('Morwaith Zebra Rider', 20),
       ('Morwaith Banner Bearer', 20);

-- Nomads (Faction ID: 21)
INSERT INTO factions_units (unit_name, faction_id)
VALUES ('Nomad Guard', 21),
       ('Nomad Banner Bearer', 21);

-- Rangers of the North (Faction ID: 22)
INSERT INTO factions_units (unit_name, faction_id)
VALUES ('Rangers', 22),
       ('Ranger Banner Bearer', 22),
       ('Ranger Outrider', 22);

-- Rhdel (Faction ID: 23)
INSERT INTO factions_units (unit_name, faction_id)
VALUES ('Easterling Clansman', 23),
       ('Easterling Warrior', 23),
       ('Easterling Fire-thrower', 23),
       ('Easterling Archers', 23),
       ('Easterling Horseman', 23),
       ('Easterling Banner Bearer', 23),
       ('Golden Easterling', 23),
       ('Mounted Golden Easterlings', 23);

-- Rivendell (Faction ID: 24)
INSERT INTO factions_units (unit_name, faction_id)
VALUES ('Rivendell Cavalry', 24),
       ('Rivendell Banner Bearer', 24),
       ('Elf Warriors', 24);

-- Rohan (Faction ID: 25)
INSERT INTO factions_units (unit_name, faction_id)
VALUES ('Rohirrim Warriors', 25),
       ('Rohirrim Archers', 25),
       ('Rohirrim Cavalry', 25),
       ('Rohirrim Banner Bearer', 25);

-- Southron Coast (Faction ID: 26)
INSERT INTO factions_units (unit_name, faction_id)
VALUES ('Southron Coast Warrior', 26),
       ('Southron Coast Archers', 26),
       ('Coast Southron Banner Bearer', 26);

-- Taurethrim (Faction ID: 27)
INSERT INTO factions_units (unit_name, faction_id)
VALUES ('Taurethrim Warrior', 27),
       ('Taurethrim Blowgunners', 27),
       ('Taurethrim Banner Bearer', 27);

-- Umbar (Faction ID: 28)
INSERT INTO factions_units (unit_name, faction_id)
VALUES ('Umbar Corsairs', 28),
       ('Umbar Soldiers', 28),
       ('Umbar Archers', 28),
       ('Umbar Cavalrymen', 28),
       ('Umbar Banner Bearer', 28),
       ('Gondorian Renegades', 28);

-- Woodland Realm (Faction ID: 29)
INSERT INTO factions_units (unit_name, faction_id)
VALUES ('Wood-Elf Scouts', 29),
       ('Wood-Elf Elk Rider', 29),
       ('Wood-Elf Warriors', 29),
       ('Wood-Elf Banner Bearer', 29);
