-- Delete previous data
DELETE
FROM player_roles;
DELETE
FROM rpchars;
DELETE
FROM players;
DELETE
FROM faction_claimed_regions;
DELETE
FROM claimbuild_special_buildings;
DELETE
FROM production_claimbuild;
DELETE
FROM claimbuilds;

-- Reset id counters
ALTER SEQUENCE players_id_seq RESTART WITH 1;
ALTER SEQUENCE rpchars_id_seq RESTART WITH 1;
ALTER SEQUENCE claimbuilds_id_seq RESTART WITH 1;

-- Players
INSERT INTO players (discord_id, ign, uuid, faction)
VALUES ('261173268365443074', 'Luktronic', 'cefabe13fda44d378c5d7292724f1514', 10),
       ('244463773052567553', 'mirak441', '4cd6b222b3894fd59d85ac90aa2c2c46', 10),
       ('117447972710514693', 'Glupe1', '52a396a38b92412f88b43c00c56d833f', 21),
       ('187040691564576768', 'Hamvogar', '211f84977011456c8609b4ccd4cdfcc1', 25),
       ('386234827319410691', 'AnoJedt', '2bf56f1b870742dbb0025706a667d8c3', 10),
       ('223821939972636682', 'jvanhierden', '8368dcfe90184d39abca98f8f1cdbeef', 10),
       ('219498915236413441', 'WaffleEcsDee', '6dc9ac6e79fb41ef87687e448e9993bf', 19),
       ('326492361460809729', 'SebThePro200', '1c685bc10097492aa5bce90514f64d98', 9),
       ('465945325815988246', 'Halt03', '7956eba887af4c0795cd4e926c35498b', 8),
       ('302411752463663104', 'SilberElb', '69be1bd412114edeb296a1209cd4b869', 10),
       ('253505646190657537', 'VernonRoche', '866830b12e944a97918439282412c487', 8),
       ('305738671603056640', 'MrClasster', 'd63e33bb7d3b484a88388de63e4d58fb', 23),
       ('619647911810039819', 'OP_apples', '6cb74cbeb08f4a56b05aa03d74cef045', 4),
       ('576542325409579009', 'Actor_chan', 'c76275119358409082693213d1a5db42', 7),
       ('287652368538140672', 'bakbar', '83c5b1294daa4497baafeb582288e214', 12),
       ('356314507439636490', 'Not_Pokerino', '2fff454e80c848b7890c88e2ceebe823', 21),
       ('653941599566430229', 'ElectricSolar', '3e9c1f883af042659b201aa90f2a04e5', 8),
       ('332800094808178688', 'Anedhel', 'ae7219bf4e444bc4b7fc3c74e95786f0', 10),
       ('238713618982633472', 'nodas1995', '880eff8947ce4c5eb89fc0daa80a25d0', 27),
       ('199960180585136128', 'AustriaBear', '80bbc8990987467aab40d111831e7d5f', 10),
       ('323522559096258582', 'HabKeinTeammate', '84b6a14958ec4b2bb9b479328526651d', 10),
       ('541263026490179594', 'bogifighter', '7c6dda4edea34deba125050b81875e70', 10),
       ('256693291301601280', 'Estionese', 'a3590a4fd7fc40248fb6f27fcc7168f3', 13),
       ('451378765885472768', 'DaMoffe', '899880c229ec48259a83442c3e7bb4e9', 9),
       ('614043370838425616', 'Wer_ist_das_mp4', '9f3eea03676744a188405174c93a0e9e', 10),
       ('131641969523949568', 'brackman', 'bfbff2d2bb72496197b3b0e5cf447795', 17),
       ('506759496916533269', 'VO_Kop', '5cc9d6505cfb4b20a87e6d4f61a6e523', 22),
       ('615768113933320215', 'Ilyra_', 'c2fec28a14f14ec1a05e92d2f425b946', 8),
       ('107902800804982784', 'PenguLV', 'cb288fc014d94a8b91c756d8c86fb674', 28),
       ('239805577906094081', 'Vaquinux_', '8b3d1fdce0f94cc19b18d14d2cec4b34', 8),
       ('694970298738540624', 'Fidnas', '0c5730ee40d64b3d85163e013f7908b1', 4),
       ('257132043895308288', 'Brego_16', '26f2912fabaf41169ffdd731733e8f2b', 2),
       ('329658238566137867', 'PersephoNeko', '26a909c030084ac192a68ff40a3891ab', 17),
       ('290251857928912898', 'ShadowsEmissary1', '6c67b630882746faad33cc445728d6a1', 19),
       ('530482795126980608', 'ten7u', 'f1c417c0d43049478a99b6c8bf21d991', 28),
       ('242342469339971584', 'EpicKiller113', '8aae1dfde284403c88fc50e72c08e5a2', 28),
       ('404564519579418634', 'HellSpawn75', '91ffd49997b8467b81bc6ff45a69374a', 20),
       ('230027896805130240', 'incorrectkiwi', 'e2ca1869a78042f09d28dc3d377bf6fc', 26),
       ('358320428122505217', 'Linnis33', '5a3d51bcfb9445de8847102c4663a079', 1),
       ('321680076422905856', 'SirKai', '7fdeee481a1540b2aa015c5b6a29f005', 27),
       ('573932552742764569', 'TheMarshMan131', '89997528b20c441ba0ae0b516c34a9fd', 8),
       ('893622681155559425', 'Anummindor', '65697ce197da4fc9b675b055eac31928', 19),
       ('510633380136615956', 'Micro_Tiny', '7a1043cadf544c9d897824a3dffe3dcd', 28),
       ('787072288817807360', 'Duckygamer86', 'fa6afd7cb7f545409b0c74009e526a1a', 29),
       ('241070228312817666', 'SirMath', 'fe6bdb2a180948bb89c09ed24d9ca072', 10),
       ('249581174161145857', 'Juststan147', 'ec5ee63695ce49e28caed44eba877915', 10),
       ('266951038014193667', 'PrinzAtago', '5519d591cb1f497a87c9df44306624b9', 11),
       ('1029843811330965544', 'NanoMCraft', '82a70d42f1f14599ba7c1f310b1aeb99', 23),
       ('184287052655755264', 'NietMaxim', '43763c53ea1648d0a7e91372b8548fe9', 10),
       ('906332631724081172', 'Jesteur', '4769352bb56043b783f6e44f05af1c88', 19),
       ('249986430892376065', 'me_is_hidden', '939c062bbb22492a9ec5edb450d1708f', 9),
       ('518780310071148554', 'TutsMaNix', '687a491e72794731aefd288920b9fe43', 15),
       ('234035066227916800', 'Thallahhh', '6051bd52baf3495483da0f3c7653fcbc', 26),
       ('750411451298218094', 'jadencad', '0d397008851249eb8986e8105a287261', 29),
       ('611388827201830912', 'Ultatrog', '3692197228c84eb7a28a8f4446ed37cb', 5),
       ('271437853639049216', 'NineteenLetters', 'ef6ff8a4d66f4982b66851e255a39291', 6),
       ('657627745253064724', 'TheSm1ler', 'c8fea02402044dfda938584b6475230f', 17),
       ('233686550477537280', 'enlists', 'c56fcc22888e4982b904e30e55f97ca9', 8),
       ('391662269962125328', 'HanslaRoi', '370de6d975404eae967d0edddb2dee7f', 8),
       ('692830733428850710', 'Xnoodledoodle', '77d1843db7af4c3aaf9967e2f6e6588a', 17),
       ('332577121920745472', 'kismucek', 'd160f49bd9de4f7187953808fa4bb29e', 19),
       ('349248375763370004', 'LordAmarok', 'bb1593fed018438986e5cfe6420c33fa', 22),
       ('440212838368411648', 'DangoR12', '8b5ca1f46b1c4dad91d7b3ecbde196a0', 1),
       ('680103992227004470', 'tomynick', '6da7c58c04d940fe9bcda4ce1d533ea8', 1),
       ('286477683997671424', 'MartijnH2001', 'c861b31616494b85af800bf68b83bc57', 16),
       ('333592886148857857', 'TheBozmeister', 'bfbd8b7cc0584787a830865551186fa6', 28),
       ('866400719598780437', 'Dewesto', 'bfaf8b3e166d448593b8500edb93af02', 7),
       ('187286736664002561', 'Mikaelix', 'f8bcda2c2c4b4d859a3f04768973ebdf', 18),
       ('607152840309342209', 'NuclearGuy101', 'b0f6f3124d854e71b64935a4f2569ff3', 10),
       ('612706637983121423', 'D4RK_CAKE', 'cdf0c90695cf4bdf9cffabbd685335b8', 22),
       ('881101535747117086', 'Narkr3', 'caf45bc06ed54d1482995ae5cdf38d73', 16),
       ('778293873360764948', 'gemeinerschatten', 'ea46f882bef04b4f90a974caf27d2ec9', 1),
       ('579650565571608603', 'Nazouvak', 'f251ce7d43664353aa46382a9e566ce4', 9),
       ('463054258980388874', 'Carovny_fila_01', '8df32ed1d4b24491ac9b4037ed260155', 1),
       ('393523067135197185', 'xanyy_', '086d907c7a5e445694224cfd47a0964d', 1),
       ('997192744407674890', 'MacIsCheesy', '751401cc9f3d46758a2dd6efd061d1c0', 17),
       ('340075954980519936', 'aggiroo', '83a28db0fc7b4fdcb8c24af896c1bda5', 17),
       ('201031579370258432', 'Bornholmeren', '54b0ffa42c744796957a87a6a76037de', 19),
       ('323992487116931074', 'Joruin', 'a26c0a00676249e9858a22915403c1d1', 25),
       ('724306879320424449', 'TheTrueBlueBot', 'db9522e85d79439d9990cdfb3aacaeb8', 8),
       ('524394862074920960', 'Divination_Magic', '9a6b82810b534a0b99575410ee1c0b80', 4),
       ('660016967113244683', 'Pilzwigder17te', '87a14c654a8143dbb1ac9bff38c34eef', 10),
       ('1048267036746330123', 'DDRC', '69a93fd07fe44cbeb8d62aed13da7108', 16),
       ('1028986087768596500', 'XxLegendOYASUOxX', '9f53ef4b22844ef8adaff9da1999c7c9', 25),
       ('351279368930197505', 'Gyml', '7f9042aeb51f47bd82a76afa494a9dcc', 4),
       ('332516348112535560', 'Jqlo', '7e15950f8087424c9d86ccc7235cac46', 19),
       ('342980227120496640', 'BartOV', 'e8ee45e0b4f246bf8654ddc6ce8a31da', 8),
       ('526787243420155905', 'BasilCrystalfig', '4e5c1100e6ee489d9894144a5d56cc45', 8),
       ('287598789626167316', 'joestoen', '79f173b9bedb4792afcc75a30e6de835', 23),
       ('546775912499118080', 'ZukiPhantasmal', 'a946b3cbd36d444494ad39af740b6573', 5),
       ('763680695495163954', 'AinsOaaGown', '2d7ea7fa395949d182e357e440150aaf', 22),
       ('1073882499865915452', 'DaemonTruefyre', 'cd5c399f8ece484f85a9d8157ad6da3f', 19),
       ('231741217417723904', 'Jukoz', 'd3edcfa0dc004449b218f70bafd62e8b', 19),
       ('378608926444224515', 'ag3ntcrab', '7355a9e51c704b7f9e29b8c5d92e0999', 19),
       ('314708489576382464', 'xHenkka', 'b09133e908f24071b2d9535247b1c7a6', 19);


-- Add player roles
INSERT INTO player_roles(player_id, role)
VALUES (1, 'ROLE_USER'),
       (2, 'ROLE_USER'),
       (3, 'ROLE_USER'),
       (4, 'ROLE_USER'),
       (5, 'ROLE_USER'),
       (6, 'ROLE_USER'),
       (7, 'ROLE_USER'),
       (8, 'ROLE_USER'),
       (9, 'ROLE_USER'),
       (10, 'ROLE_USER'),
       (11, 'ROLE_USER'),
       (12, 'ROLE_USER'),
       (13, 'ROLE_USER'),
       (14, 'ROLE_USER'),
       (15, 'ROLE_USER'),
       (16, 'ROLE_USER'),
       (17, 'ROLE_USER'),
       (18, 'ROLE_USER'),
       (19, 'ROLE_USER'),
       (20, 'ROLE_USER'),
       (21, 'ROLE_USER'),
       (22, 'ROLE_USER'),
       (23, 'ROLE_USER'),
       (24, 'ROLE_USER'),
       (25, 'ROLE_USER'),
       (26, 'ROLE_USER'),
       (27, 'ROLE_USER'),
       (28, 'ROLE_USER'),
       (29, 'ROLE_USER'),
       (30, 'ROLE_USER'),
       (31, 'ROLE_USER'),
       (32, 'ROLE_USER'),
       (33, 'ROLE_USER'),
       (34, 'ROLE_USER'),
       (35, 'ROLE_USER'),
       (36, 'ROLE_USER'),
       (37, 'ROLE_USER'),
       (38, 'ROLE_USER'),
       (39, 'ROLE_USER'),
       (40, 'ROLE_USER'),
       (41, 'ROLE_USER'),
       (42, 'ROLE_USER'),
       (43, 'ROLE_USER'),
       (44, 'ROLE_USER'),
       (45, 'ROLE_USER'),
       (46, 'ROLE_USER'),
       (47, 'ROLE_USER'),
       (48, 'ROLE_USER'),
       (49, 'ROLE_USER'),
       (50, 'ROLE_USER'),
       (51, 'ROLE_USER'),
       (52, 'ROLE_USER'),
       (53, 'ROLE_USER'),
       (54, 'ROLE_USER'),
       (55, 'ROLE_USER'),
       (56, 'ROLE_USER'),
       (57, 'ROLE_USER'),
       (58, 'ROLE_USER'),
       (59, 'ROLE_USER'),
       (60, 'ROLE_USER'),
       (61, 'ROLE_USER'),
       (62, 'ROLE_USER'),
       (63, 'ROLE_USER'),
       (64, 'ROLE_USER'),
       (65, 'ROLE_USER'),
       (66, 'ROLE_USER'),
       (67, 'ROLE_USER'),
       (68, 'ROLE_USER'),
       (69, 'ROLE_USER'),
       (70, 'ROLE_USER'),
       (71, 'ROLE_USER'),
       (72, 'ROLE_USER'),
       (73, 'ROLE_USER'),
       (74, 'ROLE_USER'),
       (75, 'ROLE_USER'),
       (76, 'ROLE_USER'),
       (77, 'ROLE_USER'),
       (78, 'ROLE_USER'),
       (79, 'ROLE_USER'),
       (80, 'ROLE_USER'),
       (81, 'ROLE_USER'),
       (82, 'ROLE_USER'),
       (83, 'ROLE_USER'),
       (84, 'ROLE_USER'),
       (85, 'ROLE_USER'),
       (86, 'ROLE_USER'),
       (87, 'ROLE_USER'),
       (88, 'ROLE_USER'),
       (89, 'ROLE_USER'),
       (90, 'ROLE_USER'),
       (91, 'ROLE_USER'),
       (92, 'ROLE_USER'),
       (93, 'ROLE_USER'),
       (94, 'ROLE_USER'),
       (95, 'ROLE_USER');


-- Add faction claimed regions
INSERT INTO faction_claimed_regions (region, faction)
VALUES ('148', 3),
       ('332', 4),
       ('331', 4),
       ('333', 4),
       ('165', 5),
       ('211', 10),
       ('135', 7),
       ('136', 7),
       ('200', 7),
       ('196', 7),
       ('173', 7),
       ('176', 7),
       ('174', 7),
       ('192', 7),
       ('440', 6),
       ('41', 12),
       ('17', 12),
       ('391', 8),
       ('184', 9),
       ('121', 17),
       ('119', 17),
       ('57', 17),
       ('168', 11),
       ('460', 13),
       ('441', 13),
       ('459', 13),
       ('461', 13),
       ('110', 21),
       ('426', 14),
       ('430', 14),
       ('431', 14),
       ('447', 14),
       ('557', 15),
       ('546', 15),
       ('146', 16),
       ('495', 18),
       ('494', 18),
       ('151', 19),
       ('74', 19),
       ('38', 19),
       ('77', 19),
       ('102', 19),
       ('150', 19),
       ('76', 19),
       ('40', 19),
       ('101', 19),
       ('103', 19),
       ('346', 20),
       ('395', 20),
       ('397', 20),
       ('398', 20),
       ('392', 20),
       ('390', 20),
       ('425', 20),
       ('341', 20),
       ('342', 20),
       ('424', 20),
       ('443', 20),
       ('343', 20),
       ('336', 21),
       ('313', 21),
       ('325', 21),
       ('263', 10),
       ('335', 21),
       ('261', 10),
       ('311', 10),
       ('330', 21),
       ('339', 21),
       ('407', 22),
       ('420', 22),
       ('400', 22),
       ('408', 22),
       ('51', 23),
       ('50', 23),
       ('61', 23),
       ('60', 23),
       ('63', 23),
       ('53', 23),
       ('62', 23),
       ('52', 23),
       ('44', 23),
       ('201', 24),
       ('246', 24),
       ('245', 24),
       ('111', 25),
       ('71', 25),
       ('113', 25),
       ('134', 25),
       ('126', 25),
       ('72', 25),
       ('178', 25),
       ('69', 25),
       ('109', 25),
       ('114', 25),
       ('68', 1),
       ('70', 25),
       ('171', 26),
       ('197', 26),
       ('198', 26),
       ('199', 26),
       ('172', 26),
       ('202', 26),
       ('266', 16),
       ('240', 27),
       ('239', 27),
       ('265', 27),
       ('345', 27),
       ('269', 27),
       ('295', 27),
       ('209', 27),
       ('235', 27),
       ('237', 27),
       ('236', 27),
       ('267', 27),
       ('205', 27),
       ('309', 27),
       ('305', 27),
       ('264', 27),
       ('302', 27),
       ('203', 27),
       ('303', 27),
       ('310', 27),
       ('298', 27),
       ('297', 27),
       ('206', 27),
       ('301', 27),
       ('204', 27),
       ('306', 27),
       ('241', 27),
       ('307', 27),
       ('207', 27),
       ('238', 27),
       ('208', 27),
       ('242', 27),
       ('300', 27),
       ('214', 28),
       ('215', 28),
       ('128', 29),
       ('130', 22),
       ('180', 22),
       ('129', 22),
       ('175', 22),
       ('132', 22),
       ('131', 22),
       ('133', 22),
       ('177', 22);


-- Add claimbuilds
INSERT INTO claimbuilds(name, x, y, z, free_armies_remaining, free_trading_companies_remaining, number_of_houses, siege,
                        traders, type, region, owned_by, version)
VALUES ('Bree Starter Hamlet', 16785, 100, 1685, 0, 0, '4 Small Houses', 'None', 'None', 'HAMLET', 128, 2, 0),
       ('Rohan Starter Hamlet', 49956, 100, 54807, 0, 0, '4 Small Houses', 'None', 'None', 'HAMLET', 245, 25, 0),
       ('Southron Coast Starter Hamlet', 47174, 100, 138338, 0, 0, '4 Small Houses', 'None', 'None', 'HAMLET', 426, 26,
        0),
       ('Dale Starter Hamlet', 92019, 100, -9707, 0, 0, '4 Small Houses', 'None', 'None', 'HAMLET', 148, 3, 0),
       ('Rangers Starter Hamlet', 14340, 100, 11942, 0, 0, '4 Small Houses', 'None', 'None', 'HAMLET', 131, 22, 0),
       ('Dorwinion Starter Hamlet', 119362, 100, 25384, 0, 0, '4 Small Houses', 'None', 'None', 'HAMLET', 211, 6, 0),
       ('Dol Guldur Starter Hamlet', 66585, 100, 66649, 0, 0, '4 Small Houses', 'None', 'None', 'HAMLET', 165, 5, 0),
       ('Dunland Starter Hamlet', 34520, 100, 27885, 0, 0, '4 Small Houses', 'None', 'None', 'HAMLET', 174, 7, 0),
       ('Gondor Starter Hamlet', 78324, 100, 66198, 0, 0, '4 Small Houses', 'None', 'None', 'HAMLET', 263, 10, 0),
       ('Gulf Starter Hamlet', 107540, 100, 153283, 0, 0, '4 Small Houses', 'None', 'None', 'HAMLET', 440, 11, 0),
       ('Gundabad Starter Hamlet', 49745, 100, -13638, 0, 0, '4 Small Houses', 'None', 'None', 'HAMLET', 41, 12, 0),
       ('Half-Troll Starter Hamlet', 139551, 100, 217831, 0, 0, '4 Small Houses', 'None', 'None', 'HAMLET', 494, 13, 0),
       ('Harnennor Starter Hamlet', 92896, 100, 106142, 0, 0, '4 Small Houses', 'None', 'None', 'HAMLET', 391, 14, 0),
       ('Lindon Starter Hamlet', -17337, 100, -17251, 0, 0, '4 Small Houses', 'None', 'None', 'HAMLET', 121, 17, 0),
       ('Lothlórien Starter Hamlet', 50419, 100, 19242, 0, 0, '4 Small Houses', 'None', 'None', 'HAMLET', 168, 18, 0),
       ('Mordor Starter Hamlet', 95071, 100, 59469, 0, 0, '4 Small Houses', 'None', 'None', 'HAMLET', 267, 19, 0),
       ('Morwaith Starter Hamlet', 130761, 100, 187284, 0, 0, '4 Small Houses', 'None', 'None', 'HAMLET', 461, 20, 0),
       ('Nomad Starter Hamlet', 84768, 100, 130849, 0, 0, '4 Small Houses', 'None', 'None', 'HAMLET', 400, 21, 0),
       ('Rhúdel Starter Hamlet', 136907, 100, 31557, 0, 0, '4 Small Houses', 'None', 'None', 'HAMLET', 215, 23, 0),
       ('Angmar Starter Hamlet', 25489, 100, -27917, 0, 0, '4 Small Houses', 'None', 'None', 'HAMLET', 68, 1, 0),
       ('Woodland Realm Starter Hamlet', 77708, 100, -11631, 0, 0, '4 Small Houses', 'None', 'None', 'HAMLET', 146, 29,
        0),
       ('Rhunur-Khanur', 140179, 78, 74529, 0, 0, '4 small houses', 'none', 'Bartender', 'VILLAGE', 235, 19, 0),
       ('Tharnost', 78318, 100, 69024, 2, 1, '75 small Houses, 8 large houses, 2 Mansions', 'none', 'Missing',
        'CAPITAL', 311, 10, 0),
       ('Durins Folk Starter Hamlet', 101914, 100, -13903, 0, 0, '4 Small Houses', 'None', 'None', 'HAMLET', 102, 13,
        0),
       ('Ered Luin Starter Hamlet', -27107, 100, -24996, 0, 0, '4 Small Houses', 'None', 'None', 'HAMLET', 52, 4, 0),
       ('Dol Amroth Starter Hamlet', 44901, 100, 77168, 0, 0, '4 Small Houses', 'None', 'None', 'HAMLET', 332, 27, 0),
       ('Taurethrim Starter Hamlet', 67117, 100, 269417, 0, 0, '4 Small Houses', 'None', 'None', 'HAMLET', 546, 16, 0),
       ('Rivendell Starter Hamlet', 46266, 100, -2291, 0, 0, '4 Small Houses', 'None', 'None', 'HAMLET', 110, 24, 0),
       ('Hobbit Starter Hamlet', -738, 100, 558, 0, 0, '4 Small Houses', 'None', 'None', 'HAMLET', 184, 15, 0),
       ('Arvee', 49118, 69, 75460, 0, 0, '8 Small Houses', 'none', 'Gondor Bartender', 'VILLAGE', 331, 27, 0),
       ('Isengard Starter Hamlet', 37542, 100, 42608, 0, 0, '4', 'None', 'None', 'HAMLET', 197, 5, 0),
       ('Umbar Starter Hamlet', 37542, 100, 42608, 0, 0, '4', 'None', 'None', 'HAMLET', 395, 20, 0),
       ('Varsa', 68680, 150, 20440, 1, 1, '16 Small Houses, 4 Large Houses', 'none',
        'Bartender:1-Smith:1-Dol Guldur Trader:1-Dol Guldur Commander:1-Oddmant collector:1', 'TOWN', 165, 5, 0),
       ('Ost Apa Ruin', 37450, 150, 2861, 1, 1, '18 Small Houses, 4 Large Houses', 'none', 'Bartender', 'TOWN', 131, 22,
        0),
       ('Dragonic Castle', 106013, 150, 184896, 1, 0, 'none', 'none', 'Blacksmith', 'CASTLE', 460, 20, 0),
       ('Fána Ondo', 48048, 200, -1770, 0, 0, '12', 'None', 'Bartender', 'VILLAGE', 110, 24, 0),
       ('Thingarholm', 103666, 150, -13566, 1, 1, '120 Small Houses, 4 Large Houses', 'none', 'Bartender:1-Market:4',
        'TOWN', 102, 13, 0),
       ('Cesu Castle', 49458, 82, 123487, 1, 0, 'none', 'none', 'Smith', 'CASTLE', 397, 20, 0),
       ('Anfalindros', 46830, 70, 72186, 0, 0, '8 small', 'none', 'Bartender', 'VILLAGE', 325, 10, 0),
       ('Carach Morgul', 120693, 117, 54285, 1, 0, '4 small', 'none', 'Blacksmith', 'STRONGHOLD', 236, 19, 0),
       ('Kala Garman', 94250, 157, 56155, 1, 0, 'none', 'none', 'Smith', 'CASTLE', 237, 19, 0),
       ('Urdin-Bar', 93176, 82, 51600, 0, 0, '8 small', 'none', 'Bartender', 'VILLAGE', 209, 19, 0),
       ('Urdin-Dun', 128587, 123, 79956, 0, 0, '8 small', 'none', 'Bartender', 'VILLAGE', 295, 19, 0),
       ('Irdin Udun', 121099, 72, 54789, 1, 0, 'none', 'none', 'Blacksmith', 'CASTLE', 269, 19, 0),
       ('Priye-kuli', 57864, 71, 128826, 0, 0, '8 small houses', 'none', 'Bartender', 'VILLAGE', 398, 20, 0),
       ('Swanster Village', 44843, 69, 76900, 0, 0, '8 small houses', 'none', 'Bartender, Blacksmith', 'VILLAGE', 332,
        27, 0),
       ('Magh Vadok', 87498, 70, 56408, 1, 0, '4', 'none', 'Blacksmith', 'STRONGHOLD', 266, 19, 0),
       ('Val-Myera', 68223, 64, 106126, 0, 0, '8small', 'none', 'Bartender', 'VILLAGE', 392, 20, 0),
       ('Sheepstroke Village', 104762, 77, 136734, 0, 0, '8small', 'none', 'Bartender', 'VILLAGE', 408, 21, 0),
       ('Sarahan', 106268, 100, 137918, 1, 1, '16 small houses, 8 large houses', 'none', 'Bartender, oddment collector',
        'TOWN', 420, 21, 0),
       ('Gimog-Um', 84701, 78, 64778, 0, 0, '8 small', 'None', 'Dunlending Bartender', 'VILLAGE', 265, 19, 0),
       ('Cee Gulda', 99010, 69, 110511, 0, 0, '8 small houses', 'none', 'Bartender', 'VILLAGE', 390, 20, 0),
       ('Altak', 139073, 104, 23804, 1, 1, '24', 'none', 'Oddment collector', 'TOWN', 215, 23, 0),
       ('Polis Hermanis', 49148, 75, 76784, 0, 0, '8 Small Houses', 'None', 'Bartender', 'VILLAGE', 333, 27, 0),
       ('Potlood', 101332, 85, -12830, 0, 0, '12', 'none', 'Bartender', 'VILLAGE', 103, 13, 0),
       ('Knurlnien', -26357, 89, -21002, 1, 1, '21', 'none', 'Bartender, Oddment Collector', 'TOWN', 61, 4, 0),
       ('Anarthel', 73210, 72, 67176, 0, 0, '8 Small Houses', 'None', 'Bartender', 'VILLAGE', 313, 10, 0),
       ('Lebenamath', 61697, 71, 78518, 0, 0, '8', 'None', 'Bartender', 'VILLAGE', 335, 10, 0),
       ('Rithel', 56354, 72, 71867, 0, 0, '8 Small Houses', 'None', 'Bartender', 'VILLAGE', 330, 10, 0),
       ('Laktam Pahkah', 56850, 70, 264950, 0, 0, 'none', 'none', 'Commander, Smith', 'CASTLE', 557, 16, 0),
       ('Shiverclank', 49749, 134, -23902, 0, 0, '8', 'none', 'Bartender', 'VILLAGE', 17, 12, 0),
       ('Domrum', -27811, 80, -13169, 0, 0, '8 small Houses', 'none', 'Bartender, Blacksmith', 'VILLAGE', 60, 4, 0),
       ('Hogh Turum', -22805, 80, -25261, 0, 0, '8 small Houses', 'none', 'Bartender', 'VILLAGE', 63, 4, 0),
       ('Kor Dorul', -28353, 80, -21337, 0, 0, '8 small', 'none', 'Bartender', 'VILLAGE', 53, 4, 0),
       ('Balbuldor', -20421, 80, -7558, 0, 0, '8 small', 'none', 'Bartender', 'VILLAGE', 62, 4, 0),
       ('Kála-murg', 134366, 84, 230375, 1, 1, '16 small Houses, 4 large Houses', 'none',
        'Bartender, Oddment Collector', 'TOWN', 495, 13, 0),
       ('Andos-Dur', 37575, 79, -15740, 0, 0, '8 small', 'None', 'Bartender', 'VILLAGE', 69, 1, 0),
       ('Ethirië', 59618, 64, 81675, 0, 0, '8 small houses', 'none', 'Bartender', 'VILLAGE', 339, 10, 0),
       ('Castle Eron da Nikaer', 81900, 100, -19101, 1, 0, 'none', 'none', 'commander, smith', 'CASTLE', 76, 13, 0),
       ('Kazlokroz', 84827, 80, 46224, 1, 1, '16 small Houses, 4 large Houses', 'none', 'Bartender, Oddment Collector',
        'TOWN', 239, 19, 0),
       ('Wulfs Deep', 34920, 80, 46224, 1, 0, 'none', 'none', 'Smith', 'CASTLE', 196, 7, 0),
       ('Gazān nAtunârī', 104327, 87, 134382, 1, 0, 'none', 'none', 'Smith', 'CASTLE', 407, 21, 0),
       ('Castle Nir Mountainth', 57459, 76, -21004, 1, 0, 'none', 'none', 'Smith', 'CASTLE', 74, 13, 0),
       ('Dav-Gav Castle', 46136, 76, 141751, 1, 1, '16 small 4 large', 'none', 'Bartender, Oddment collector', 'TOWN',
        425, 20, 0),
       ('See Gulda', 67349, 70, 105253, 0, 0, '8 small', 'none', 'Bartender', 'VILLAGE', 341, 20, 0),
       ('gaave ro fundup', 37440, 70, 43458, 1, 0, 'none', 'none', 'Smith, Commander', 'CASTLE', 197, 19, 0),
       ('Carn Gorthaur', 35524, 71, -1823, 1, 0, 'none', 'none', 'Smith, Commander', 'CASTLE', 113, 1, 0),
       ('Oo gre', 78728, 85, 84300, 0, 0, '8 small Houses', 'none', 'Bartender', 'VILLAGE', 342, 20, 0),
       ('Ravenville', 41541, 64, 35399, 0, 0, '8 small Houses', 'none', 'Bartender', 'VILLAGE', 173, 7, 0),
       ('Strav-Upe', 99124, 72, 110546, 0, 0, '8 small Houses', 'none', 'Bartender', 'VILLAGE', 346, 20, 0),
       ('A Morgul Ships Rest', 82816, 66, 64681, 0, 0, '8 small Houses', 'none', 'Bartender', 'VILLAGE', 240, 19, 0),
       ('Liepāja', 49312, 64, 161269, 0, 0, '8 small Houses', 'none', 'Bartender', 'VILLAGE', 424, 20, 0),
       ('Lashkarg', 67718, 70, 37987, 0, 0, '8 small Houses', 'none', 'Bartender', 'VILLAGE', 208, 19, 0),
       ('Drutot', 86990, 69, 54745, 1, 1, '16 small Houses, 4 large Houses', 'none',
        'Bartender, Oddment Collector, Commander', 'TOWN', 238, 19, 0),
       ('Kehlgate', 46268, 72, 16346, 0, 0, '8 small Houses', 'none', 'Bartender', 'VILLAGE', 136, 7, 0),
       ('Andos-Jhaun', 36000, 72, -1955, 0, 0, '8 small House', 'none', 'Bartender', 'VILLAGE', 111, 1, 0),
       ('City of Shadows', 100465, 150, 60946, 2, 1, '194 Small Houses, 8 Large Houses, 2 Mansions', 'none',
        'Mordor Orc Trader:2-Wicked Dwarf Traders:2-Eastling Fishmonger:1-Eastling Goldsmith:1-Bartender:1', 'CAPITAL',
        267, 19, 0),
       ('Dâr Mauzur', 71943, 72, 49623, 1, 0, 'none', 'none', 'Commander, Smith', 'CASTLE', 204, 19, 0),
       ('Búrz Duglub', 77355, 64, 51171, 1, 0, 'none', 'none', 'commander, smith', 'CASTLE', 206, 19, 0),
       ('Andos-Agarth', 49900, 83, -3190, 0, 0, '8 small', 'none', 'bartender', 'VILLAGE', 109, 1, 0),
       ('Fruit & Wood village', 121541, 71, 74527, 0, 0, '12 small Houses', 'none', 'Bartender', 'VILLAGE', 297, 19, 0),
       ('Ijukukelukavein', 40958, 98, 42147, 0, 0, '8 small Houses', 'None', 'Bartender', 'VILLAGE', 198, 1, 0),
       ('Andros Watch', 79837, 66, 61782, 1, 0, 'none', 'None', 'Smith, Commander', 'CASTLE', 264, 19, 0),
       ('Urdun-Idun', 101559, 88, -16662, 0, 0, '12 small Houses', 'none', 'Bartender', 'VILLAGE', 77, 13, 0),
       ('Mon Eki', 67387, 69, 167852, 0, 0, '8 small Houses', 'none', 'Bartender', 'VILLAGE', 443, 20, 0),
       ('Algharbiat rid', 44398, 71, 142091, 0, 0, '8 small Houses', 'none', 'Bartender', 'VILLAGE', 431, 14, 0),
       ('Nurkrom', 107221, 124, 88424, 1, 0, 'none', 'none', 'Smith, Commander', 'CASTLE', 305, 19, 0),
       ('Tower of guld-mazar', 46800, 70, -10850, 1, 0, '8 small Houses', 'none', 'Smith, Commander', 'STRONGHOLD', 70,
        1, 0),
       ('ignis fire of the forest', 43718, 71, 39810, 0, 0, '8 small Houses', 'none', 'Bartender', 'VILLAGE', 199, 1,
        0),
       ('Andos-Althanc', 52900, 90, -4900, 0, 0, '12 small Houses', 'none', 'Bartender', 'VILLAGE', 71, 1, 0),
       ('Rauros Bane', 68710, 88, 51304, 1, 0, 'none', 'none', 'Smith, Commander', 'CASTLE', 205, 19, 0),
       ('Khasbab al arz', 27924, 82, 145170, 0, 0, '8 small Houses', 'none', 'Bartender', 'VILLAGE', 430, 14, 0),
       ('Harnacla', 35837, 72, 11330, 0, 0, '8 small Houses', 'none', 'Bardenter', 'VILLAGE', 132, 22, 0),
       ('Andos Jaldar', 16850, 70, -18525, 0, 0, '8 small Houses', 'none', 'Bartender', 'VILLAGE', 114, 1, 0),
       ('qimat aljabal', 19070, 105, 150076, 0, 0, '8 small Houses', 'none', 'Bartender', 'VILLAGE', 447, 14, 0),
       ('Denerond', 31373, 64, 4672, 0, 0, '8 small Houses', 'none', 'Bartender', 'VILLAGE', 130, 22, 0),
       ('Thuin Boid', 36162, 71, 5922, 0, 0, '12 small Houses', 'none', 'Bartender', 'VILLAGE', 131, 22, 0),
       ('Village of Nootus Noot', 44161, 120, 17855, 0, 0, '8 small Houses', 'none', 'Bartender', 'VILLAGE', 135, 7, 0),
       ('Hiriath Village', 21146, 71, 18039, 0, 0, '8 small Houses', 'none', 'Bartender', 'VILLAGE', 192, 7, 0),
       ('Village of Ene', 33937, 79, 20680, 0, 0, '8 small Houses', 'none', 'Bartender', 'VILLAGE', 176, 7, 0),
       ('Workshop of Doom', 45110, 57, 37655, 0, 0, '12 small Houses', 'Bombs, Catapult, Ram', 'Bartender', 'VILLAGE',
        172, 1, 0),
       ('Andos-Maldar', 12150, 64, -4600, 0, 0, '8 small Houses', 'None', 'Bartender', 'VILLAGE', 126, 1, 0),
       ('Andos-Vrulgol', 56185, 90, -5790, 0, 0, '12 small Houses', 'none', 'Bartender', 'VILLAGE', 72, 1, 0),
       ('Gwaelin', 19981, 71, 13789, 0, 0, '8 small Houses', 'none', 'Bartender', 'VILLAGE', 180, 22, 0),
       ('Edras', 41491, 70, 12959, 0, 0, '8 small Houses', 'none', 'Bartender', 'VILLAGE', 133, 22, 0),
       ('Glad Ereg', 44934, 83, 1484, 0, 0, '0', 'None', 'Smith,Commander', 'KEEP', 132, 22, 0),
       ('Azulmor', 84274, 72, 103598, 1, 0, 'none', 'none', 'Commander, Smith', 'CASTLE', 343, 19, 0),
       ('Minas Malloth', 30391, 64, 2769, 1, 0, '4 small', 'none', 'Commander, smith', 'STRONGHOLD', 130, 22, 0),
       ('Marishburh', 23284, 70, 18842, 0, 0, '8 small', 'none', 'Bartender', 'VILLAGE', 177, 22, 0),
       ('Black- Mouth Castle', 75090, 90, 80040, 1, 0, 'none', 'none', 'Commander, Smith', 'CASTLE', 309, 19, 0),
       ('Ló Near', 18340, 64, 642, 0, 0, '8 small Houses', 'none', 'Bartender', 'VILLAGE', 129, 22, 0),
       ('Dol Orme', 36560, 72, 11394, 1, 0, 'none', 'none', 'Smith', 'CASTLE', 132, 22, 0),
       ('Fel Cosit', 41229, 82, 20995, 0, 0, '8 small Houses', 'none', 'Bartender', 'VILLAGE', 175, 22, 0),
       ('Laldir', 19995, 71, 13939, 1, 0, 'none', 'none', 'Smith-Commander', 'CASTLE', 180, 22, 0),
       ('Metriath', 19839, 71, 13907, 1, 0, 'none', 'none', 'Smith-Commander', 'CASTLE', 180, 22, 0),
       ('Apple town', -17679, 77, 1241, 0, 0, '12 small Houses', 'none', 'Bartender', 'VILLAGE', 121, 10, 0),
       ('Fornurnen Peace', 113281, 68, 76310, 0, 0, '8 small Houses', 'none', 'Bartender', 'VILLAGE', 302, 19, 0),
       ('Trumarg Camp', 81292, 100, 62097, 0, 0, '8 small Houses', 'none', 'Bartender', 'VILLAGE', 264, 19, 0),
       ('Agrafzahar', -23152, 77, -25050, 1, 1, '17 small Houses-4 large Houses', 'none', 'smith-commander-Bartender',
        'TOWN', 63, 1, 0),
       ('Gûl-lug', 67105, 63, 48499, 1, 0, 'none', 'none', 'Smith-Commander', 'CASTLE', 203, 19, 0),
       ('Veysun', 78150, 70, 71559, 1, 1, '28 small Houses, 4 large Houses', 'none',
        'Bartender, Oddment-collector, Commander', 'TOWN', 336, 20, 0),
       ('Minas Pilinoth', 71699, 70, 62340, 0, 0, '32 small houses, 4 Large houses', 'None',
        'Bartender, Smith, Commander', 'TOWN', 261, 21, 0),
       ('Destroyed Hope Castle', 79267, 96, 68530, 1, 0, 'none', 'none', 'Smith-Commander', 'CASTLE', 310, 19, 0),
       ('Dusty Ford', 121641, 68, 60310, 0, 0, '12 small Houses', 'none', 'Bartender', 'VILLAGE', 298, 19, 0),
       ('Village of Westford', 42100, 80, 48297, 0, 0, '8 small Houses', 'none', 'Bartender', 'VILLAGE', 200, 5, 0),
       ('Markhu Faham', -14324, 70, -35589, 0, 0, '8 small Houses', 'none', 'Bartender', 'VILLAGE', 44, 1, 0),
       ('Crying Spirit Mine', 104312, 82, 72939, 0, 0, '12 small Houses', 'none', 'Bartender', 'VILLAGE', 301, 19, 0),
       ('Amon Eotheod', 63425, 88, 49050, 0, 0, '8 small Houses', 'none', 'Bartender', 'VILLAGE', 201, 24, 0),
       ('Atalak-Grom', 86972, 148, 86803, 1, 0, 'none', 'none', 'Smith, Commander', 'CASTLE', 306, 19, 0),
       ('Anduins Bane', 69711, 68, 52106, 1, 0, '8 small Houses', 'none', 'Smith-Commander', 'STRONGHOLD', 241, 19, 0),
       ('Spiders Forest Village', 89439, 68, 83968, 0, 0, '8 small Houses', 'none', 'Bartender', 'VILLAGE', 307, 19, 0),
       ('Dagorlads Ruin', 84426, 66, 48093, 1, 0, 'None', 'None', 'Smith, Commander', 'CASTLE', 207, 19, 0),
       ('roavaverdam', 60876, 85, 36813, 0, 0, '8 small Houses', 'none', 'Bartender', 'VILLAGE', 202, 1, 0),
       ('Dul-Zargad', 23600, 76, -1955, 1, 0, '8 (12) small Houses', 'Ladder, Catapult, Siege Tower', 'Smith-Commander',
        'STRONGHOLD', 178, 1, 0),
       ('Dhul Voldir', 117067, 77, -14923, 0, 0, '8 small Houses', 'none', 'Bartender', 'VILLAGE', 101, 13, 0),
       ('Screaming Bog Castle', 69867, 68, 52561, 1, 0, 'none', 'none', 'Smithy, Commander', 'CASTLE', 242, 19, 0),
       ('Between the two', 102327, 76, 67756, 0, 0, '8 small Houses', 'none', 'Bartender', 'VILLAGE', 300, 19, 0),
       ('Assagay', 125914, 68, 176537, 0, 0, '9 small Houses', 'none', 'Bartender, Hutmaker', 'VILLAGE', 441, 1, 0),
       ('Armenos', -18738, 70, -1844, 1, 0, 'none', 'none', 'Smith-Lord', 'CASTLE', 119, 10, 0),
       ('Lingwirin', -37947, 770, 2106, 0, 0, '8 small Houses', 'none', 'Vintner Elf', 'VILLAGE', 57, 10, 0),
       ('Goth-Fushaum', 107883, 68, 80803, 0, 0, '16 small Houses, 4 large Houses', 'none',
        'Bartender, Commander, Oddment', 'TOWN', 303, 19, 0),
       ('Lostladen', 102319, 72, 90011, 0, 0, '8 Small Houses', 'None', 'Bartender', 'VILLAGE', 345, 19, 0),
       ('Fort Golden Prime', 131047, 63, 27574, 1, 0, 'None', 'None', 'Commander', 'CASTLE', 214, 28, 0),
       ('Eshowe war kraal', 95205, 73, 185851, 1, 0, 'none', 'none', 'Commander, Smith', 'CASTLE', 459, 1, 0),
       ('Fortress of the First Marshal', 53288, 69, 55558, 1, 0, '0', 'none', 'Commander, Smith', 'CASTLE', 245, 7, 0),
       ('Riders Rest', 54867, 72, 39357, 1, 0, '0', 'None', 'Commander, Smith', 'CASTLE', 201, 7, 0),
       ('Fortress of Flowers', 96938, 69, -6996, 1, 0, '0', 'none', 'Smith, Commander', 'CASTLE', 150, 13, 0),
       ('Emyn Ortheiad', 77715, 71, -13054, 0, 0, '8 small houses', 'none', 'Bartender', 'VILLAGE', 146, 16, 0),
       ('Anduins Horse', 67998, 72, 39471, 0, 0, '8', 'none', 'Bartender', 'VILLAGE', 201, 24, 0),
       ('Bonoldur', -18887, 72, -33962, 0, 0, '8', 'None', 'Barkeeper', 'VILLAGE', 50, 1, 0),
       ('Keldaruhm', -19058, 91, -31459, 0, 0, 'none', 'None', 'Smith, Commander', 'KEEP', 52, 1, 0),
       ('Thulgolir', -22028, 87, -7948, 2, 1, '2 mansions, 8 large houses, 192 small houses', 'none',
        'Bartender, Commander, Oddment collector, Wandering trader', 'CAPITAL', 61, 1, 0),
       ('Bimoldur', -18047, 76, -34996, 0, 0, 'none', 'none', 'Commander, Smith', 'KEEP', 50, 1, 0),
       ('Kegrigh', -15862, 127, -31558, 0, 0, 'none', 'none', 'Commander, Smith', 'KEEP', 63, 1, 0),
       ('Bhurngalor', -21414, 126, -16619, 0, 0, 'none', 'none', 'Commander, Smith', 'KEEP', 62, 1, 0),
       ('Nildirth', -28608, 77, -24875, 0, 0, 'none', 'none', 'Commander, Smith', 'KEEP', 53, 1, 0),
       ('Nalgrin', -23463, 93, -33117, 0, 0, 'none', 'none', 'Commander, Smith', 'KEEP', 51, 1, 0),
       ('Haggalir', -25774, 87, -10133, 0, 0, 'none', 'none', 'Commander, Smith', 'KEEP', 60, 1, 0),
       ('Delyur', -26086, 72, -33101, 0, 0, '16 small houses, 4 large houses', 'none',
        'Bartender, Commander, Oddment-collector', 'TOWN', 51, 1, 0),
       ('Vol Dural', -2206, 75, -35986, 0, 0, 'none', 'none', 'Commander, Smith', 'KEEP', 44, 1, 0),
       ('Hurph', 81118, 64, -22143, 0, 0, '12 small houses', 'none', 'Bartender', 'VILLAGE', 38, 13, 0),
       ('Underharrow', 46628, 76, 53024, 0, 0, '8 small houses', 'none', 'Bartender', 'VILLAGE', 246, 7, 0),
       ('Desolations Frontier', 102210, 200, -11654, 1, 0, 'none', 'none', 'Smith, Commander', 'CASTLE', 151, 13, 0),
       ('Bree', 13676, 68, 583, 2, 1, '2 mansions, 8 large houses, 70 small houses', 'none',
        'Blacksmith, Brewer, Baker, Bartender, Commander, oddment collector, wandering trader', 'CAPITAL', 128, 3, 0),
       ('Briedget', 80973, 181, -223622, 1, 1, '4 large houses, 66 small houses', 'none',
        'Bartender, Commander, Oddment Collector', 'TOWN', 40, 13, 0),
       ('Andos-Razhag', 50330, 109, -670, 0, 0, '8 small houses', 'none', 'Bartender', 'VILLAGE', 134, 25, 0),
       ('den of Vipers', 47632, 75, 17455, 0, 0, '8 small houses', 'none', 'Bartender', 'VILLAGE', 171, 26, 0),
       ('Migdarth', -23652, 83, -17070, 0, 0, 'none', 'none', 'Smith, Commander', 'KEEP', 61, 1, 0);


-- Add production sites in claimbuilds
INSERT INTO production_claimbuild (production_site_id, count, claimbuild_id)
VALUES (90, 1, 22),
       (13, 1, 22),
       (126, 1, 23),
       (86, 1, 23),
       (46, 2, 23),
       (35, 1, 23),
       (9, 5, 23),
       (62, 2, 23),
       (61, 1, 23),
       (121, 1, 23),
       (120, 1, 23),
       (98, 1, 23),
       (101, 1, 30),
       (48, 1, 30),
       (73, 3, 33),
       (103, 1, 33),
       (58, 1, 34),
       (123, 1, 34),
       (35, 1, 34),
       (78, 1, 34),
       (80, 1, 36),
       (1, 1, 36),
       (17, 1, 36),
       (78, 6, 37),
       (9, 2, 37),
       (104, 1, 37),
       (114, 1, 37),
       (98, 1, 37),
       (80, 1, 37),
       (116, 1, 37),
       (45, 1, 37),
       (66, 1, 37),
       (79, 1, 37),
       (52, 1, 37),
       (62, 5, 37),
       (61, 5, 37),
       (58, 2, 37),
       (15, 1, 39),
       (114, 1, 39),
       (90, 1, 40),
       (90, 1, 42),
       (78, 1, 42),
       (13, 1, 43),
       (90, 1, 43),
       (117, 1, 45),
       (116, 1, 45),
       (114, 1, 46),
       (90, 1, 47),
       (116, 1, 48),
       (117, 1, 48),
       (5, 1, 49),
       (189, 1, 49),
       (105, 2, 50),
       (59, 1, 50),
       (73, 1, 51),
       (114, 1, 51),
       (34, 1, 52),
       (116, 1, 52),
       (17, 1, 53),
       (78, 1, 53),
       (114, 1, 53),
       (188, 1, 53),
       (9, 2, 53),
       (15, 1, 54),
       (81, 1, 54),
       (46, 2, 55),
       (114, 1, 55),
       (190, 1, 56),
       (114, 1, 56),
       (15, 1, 57),
       (114, 1, 57),
       (81, 1, 58),
       (15, 1, 58),
       (114, 1, 59),
       (15, 1, 59),
       (52, 1, 61),
       (90, 1, 61),
       (114, 1, 62),
       (78, 1, 63),
       (80, 1, 63),
       (86, 1, 64),
       (78, 1, 64),
       (62, 1, 65),
       (82, 1, 65),
       (9, 4, 66),
       (90, 1, 66),
       (19, 1, 66),
       (105, 1, 67),
       (62, 1, 67),
       (114, 1, 68),
       (49, 1, 68),
       (90, 1, 70),
       (74, 1, 70),
       (116, 1, 70),
       (114, 1, 74),
       (68, 1, 74),
       (67, 1, 74),
       (9, 1, 74),
       (126, 1, 75),
       (114, 1, 75),
       (116, 1, 78),
       (114, 1, 78),
       (116, 1, 79),
       (78, 1, 79),
       (41, 1, 80),
       (119, 1, 80),
       (51, 1, 81),
       (116, 1, 81),
       (119, 1, 82),
       (41, 1, 82),
       (116, 1, 83),
       (114, 1, 83),
       (82, 1, 84),
       (137, 1, 84),
       (13, 2, 84),
       (114, 1, 85),
       (52, 1, 85),
       (125, 1, 86),
       (52, 1, 86),
       (74, 14, 87),
       (75, 16, 87),
       (19, 5, 87),
       (90, 6, 87),
       (13, 8, 87),
       (105, 1, 90),
       (52, 1, 90),
       (119, 1, 91),
       (118, 1, 91),
       (51, 1, 91),
       (78, 1, 92),
       (105, 1, 92),
       (52, 1, 94),
       (114, 1, 94),
       (9, 1, 94),
       (118, 1, 95),
       (16, 1, 95),
       (97, 1, 96),
       (86, 1, 96),
       (90, 1, 98),
       (52, 1, 98),
       (90, 1, 99),
       (19, 1, 99),
       (129, 1, 100),
       (63, 2, 100),
       (86, 1, 102),
       (41, 1, 102),
       (123, 1, 103),
       (9, 1, 103),
       (90, 1, 104),
       (19, 1, 104),
       (33, 1, 105),
       (105, 1, 105),
       (129, 1, 106),
       (9, 1, 106),
       (129, 1, 107),
       (9, 2, 107),
       (71, 1, 108),
       (114, 1, 108),
       (116, 1, 109),
       (78, 1, 109),
       (114, 1, 110),
       (49, 1, 110),
       (137, 1, 111),
       (90, 1, 111),
       (78, 1, 111),
       (78, 1, 112),
       (90, 1, 112),
       (90, 1, 113),
       (19, 1, 113),
       (58, 1, 113),
       (123, 1, 114),
       (49, 1, 114),
       (129, 1, 115),
       (35, 1, 115),
       (123, 1, 118),
       (35, 1, 119),
       (129, 1, 119),
       (35, 1, 121),
       (123, 1, 121),
       (129, 1, 123),
       (52, 1, 123),
       (23, 1, 126),
       (80, 1, 126),
       (189, 1, 126),
       (105, 1, 127),
       (114, 1, 127),
       (15, 1, 128),
       (90, 1, 128),
       (170, 1, 129),
       (4, 1, 129),
       (78, 1, 129),
       (123, 1, 129),
       (27, 1, 129),
       (114, 1, 131),
       (46, 1, 131),
       (15, 2, 131),
       (52, 1, 131),
       (23, 1, 131),
       (78, 1, 131),
       (52, 1, 132),
       (114, 1, 132),
       (46, 1, 132),
       (41, 1, 132),
       (36, 1, 132),
       (57, 1, 132),
       (39, 1, 132),
       (35, 1, 132),
       (116, 1, 134),
       (74, 2, 134),
       (116, 1, 135),
       (78, 1, 135),
       (27, 1, 136),
       (129, 1, 136),
       (74, 1, 137),
       (82, 1, 137),
       (13, 1, 137),
       (35, 1, 138),
       (114, 1, 138),
       (105, 1, 140),
       (116, 1, 141),
       (51, 2, 141),
       (90, 1, 143),
       (19, 1, 143),
       (137, 1, 144),
       (90, 1, 144),
       (98, 1, 145),
       (9, 1, 145),
       (82, 1, 147),
       (72, 1, 147),
       (114, 1, 148),
       (116, 2, 150),
       (138, 3, 151),
       (116, 2, 151),
       (191, 1, 152),
       (115, 1, 152),
       (174, 1, 158),
       (114, 1, 158),
       (114, 1, 159),
       (11, 1, 159),
       (84, 1, 160),
       (58, 1, 160),
       (79, 2, 162),
       (66, 1, 162),
       (58, 1, 162),
       (64, 1, 162),
       (86, 1, 162),
       (190, 18, 162),
       (61, 6, 162),
       (78, 3, 162),
       (66, 1, 169),
       (116, 1, 169),
       (138, 1, 169),
       (52, 2, 171),
       (114, 1, 171),
       (114, 1, 172),
       (78, 1, 172),
       (114, 2, 174),
       (105, 1, 174),
       (78, 8, 175),
       (189, 2, 175),
       (61, 6, 175),
       (114, 1, 175),
       (78, 1, 176),
       (129, 1, 176),
       (90, 1, 177),
       (58, 1, 177);

-- Add special buildings in claimbuilds
INSERT INTO claimbuild_special_buildings (special_buildings, claimbuild_id)
VALUES ('INN', 22),
       ('BANK', 23),
       ('HARBOUR', 23),
       ('HOUSE_OF_HEALING', 23),
       ('INN', 23),
       ('INN', 30),
       ('INN', 33),
       ('INN', 34),
       ('WALL', 35),
       ('STABLES', 35),
       ('INN', 36),
       ('MARKET', 37),
       ('BANK', 37),
       ('HARBOUR', 37),
       ('WALL', 37),
       ('INN', 37),
       ('WALL', 38),
       ('INN', 39),
       ('HOUSE_OF_HEALING', 40),
       ('WALL', 40),
       ('STABLES', 40),
       ('STABLES', 41),
       ('WALL', 41),
       ('WALL', 44),
       ('STABLES', 44),
       ('INN', 45),
       ('INN', 46),
       ('SHOP', 46),
       ('WALL', 46),
       ('WALL', 50),
       ('STABLES', 50),
       ('HARBOUR', 50),
       ('MARKET', 50),
       ('INN', 50),
       ('EMBASSY', 50),
       ('HOUSE_OF_HEALING', 50),
       ('INN', 51),
       ('INN', 52),
       ('HOUSE_OF_HEALING', 56),
       ('EMBASSY', 56),
       ('INN', 56),
       ('INN', 57),
       ('INN', 58),
       ('INN', 59),
       ('HOUSE_OF_HEALING', 60),
       ('WALL', 60),
       ('STABLES', 60),
       ('INN', 61),
       ('SHOP', 62),
       ('INN', 62),
       ('WALL', 62),
       ('INN', 63),
       ('INN', 64),
       ('INN', 65),
       ('STABLES', 66),
       ('INN', 66),
       ('MARKET', 66),
       ('INN', 67),
       ('INN', 68),
       ('STABLES', 69),
       ('WALL', 69),
       ('MARKET', 70),
       ('WATCHTOWER', 70),
       ('HARBOUR', 70),
       ('STABLES', 70),
       ('INN', 70),
       ('WALL', 71),
       ('STABLES', 71),
       ('WALL', 72),
       ('STABLES', 72),
       ('WALL', 73),
       ('STABLES', 73),
       ('INN', 74),
       ('STABLES', 74),
       ('MARKET', 74),
       ('STABLES', 76),
       ('WALL', 76),
       ('STABLES', 77),
       ('WALL', 77),
       ('INN', 78),
       ('INN', 79),
       ('INN', 80),
       ('INN', 81),
       ('INN', 82),
       ('INN', 83),
       ('MARKET', 84),
       ('INN', 84),
       ('STABLES', 84),
       ('WATCHTOWER', 84),
       ('INN', 85),
       ('INN', 86),
       ('MARKET', 87),
       ('WALL', 87),
       ('STABLES', 87),
       ('INN', 87),
       ('HOUSE_OF_HEALING', 87),
       ('STABLES', 88),
       ('WALL', 88),
       ('WALL', 89),
       ('STABLES', 89),
       ('INN', 90),
       ('INN', 91),
       ('INN', 92),
       ('HOUSE_OF_HEALING', 93),
       ('STABLES', 93),
       ('WALL', 93),
       ('INN', 94),
       ('INN', 95),
       ('INN', 96),
       ('STABLES', 97),
       ('WALL', 97),
       ('WALL', 98),
       ('HOUSE_OF_HEALING', 98),
       ('STABLES', 98),
       ('INN', 99),
       ('INN', 100),
       ('WALL', 101),
       ('STABLES', 101),
       ('INN', 102),
       ('INN', 103),
       ('INN', 104),
       ('INN', 105),
       ('INN', 106),
       ('INN', 107),
       ('INN', 108),
       ('INN', 109),
       ('INN', 110),
       ('INN', 111),
       ('INN', 112),
       ('INN', 113),
       ('INN', 114),
       ('INN', 115),
       ('WALL', 116),
       ('WALL', 117),
       ('STABLES', 117),
       ('WALL', 118),
       ('HOUSE_OF_HEALING', 118),
       ('STABLES', 118),
       ('STABLES', 120),
       ('WALL', 120),
       ('INN', 121),
       ('WALL', 122),
       ('STABLES', 122),
       ('INN', 123),
       ('WALL', 124),
       ('STABLES', 124),
       ('WALL', 125),
       ('STABLES', 125),
       ('INN', 126),
       ('INN', 127),
       ('INN', 128),
       ('INN', 129),
       ('STABLES', 129),
       ('STABLES', 130),
       ('WALL', 130),
       ('HARBOUR', 131),
       ('MARKET', 131),
       ('STABLES', 131),
       ('WATCHTOWER', 131),
       ('INN', 131),
       ('STABLES', 132),
       ('WALL', 132),
       ('HOUSE_OF_HEALING', 132),
       ('STABLES', 133),
       ('WALL', 133),
       ('INN', 134),
       ('INN', 135),
       ('INN', 136),
       ('INN', 137),
       ('INN', 138),
       ('WALL', 139),
       ('STABLES', 139),
       ('HARBOUR', 140),
       ('WALL', 140),
       ('STABLES', 140),
       ('INN', 141),
       ('WALL', 142),
       ('STABLES', 142),
       ('INN', 143),
       ('WALL', 144),
       ('HOUSE_OF_HEALING', 144),
       ('STABLES', 144),
       ('INN', 145),
       ('WALL', 146),
       ('STABLES', 146),
       ('INN', 147),
       ('SHOP', 148),
       ('WALL', 149),
       ('STABLES', 149),
       ('INN', 150),
       ('INN', 151),
       ('STABLES', 151),
       ('MARKET', 151),
       ('INN', 152),
       ('WALL', 153),
       ('WALL', 154),
       ('STABLES', 154),
       ('STABLES', 155),
       ('WALL', 155),
       ('STABLES', 156),
       ('WALL', 156),
       ('STABLES', 157),
       ('WALL', 157),
       ('INN', 158),
       ('INN', 159),
       ('INN', 160),
       ('WALL', 161),
       ('MARKET', 162),
       ('WALL', 162),
       ('STABLES', 162),
       ('BANK', 162),
       ('INN', 162),
       ('HOUSE_OF_HEALING', 162),
       ('WALL', 163),
       ('WALL', 164),
       ('WALL', 165),
       ('WALL', 166),
       ('WALL', 167),
       ('WALL', 168),
       ('INN', 169),
       ('MARKET', 169),
       ('STABLES', 169),
       ('HARBOUR', 169),
       ('WALL', 169),
       ('WALL', 170),
       ('INN', 171),
       ('INN', 172),
       ('WALL', 173),
       ('STABLES', 173),
       ('SHOP', 174),
       ('HOUSE_OF_HEALING', 174),
       ('STABLES', 174),
       ('INN', 174),
       ('MARKET', 174),
       ('SHOP', 174),
       ('SHOP', 174),
       ('SHOP', 174),
       ('SHOP', 174),
       ('WALL', 174),
       ('INN', 175),
       ('MARKET', 175),
       ('WALL', 175),
       ('STABLES', 175),
       ('INN', 176),
       ('INN', 177),
       ('WALL', 178);

-- Add roleplay characters
INSERT INTO rpchars (version, active, gear, link_to_lore, name, pvp, title, current_region, owner_id)
VALUES (0, true, 'Morwaith Armour and Weapons', NULL, 'Cetshwayo koMpande', false, 'Lion of Morwaith', 461, 37),
       (0, true,
        'Gundabad Uruk Helmet with Angmar armour, Arnorian Spear, Angmar Warhammer, Orc Bow and Poisoned Angmar Dagger',
        NULL, 'Knargaz', true, 'Knargaz of Angmar', 68, 72),
       (0, true, 'Gondolin', NULL, 'Firyawë', true, 'Lost Prince In Gondor', 168, 2),
       (0, true, 'Rohirric Armor and weapons, Barrow blade', NULL, 'Helm Hammerhand', true, 'Wight King of Rohan', 245,
        4),
       (0, true, 'Half troll armour, iron armour, half troll arsenal, bow and a random brick', NULL, 'Lagmag', true,
        'Lagging Half Troll', 494, 23),
       (0, true, 'Morgul Blade/Armor, Rhudel Bow, Iron X-Bow', NULL, 'Khamûl', true, 'Shadow of the East', 215, 7),
       (0, true, 'Iron, chain or leather armor, Arnorian swords and spear adn iron gear', NULL, 'Henry Hazelshaw', true,
        'Mayor of Bree', 128, 32),
       (0, true, 'Golden Trimmed Dwarven Armour, Dorwinion Elf Helmet, Dwarven arsenal', NULL, 'Midas', true,
        'Durins Folk Treasurer', 102, 11),
       (0, true, 'Ranger armor, ranger bow, ranger sword and iron pike', NULL, 'Eredhon', true, 'King of Arnor', 131,
        27),
       (0, true, 'Dwarven Armor And Weapons Iron Crossbow', NULL, 'Iðunn', true, 'Durins Jewel', 148, 28),
       (0, true, 'Morgul armour, Morgul blade, Orc bow, Mordor Warscythe', NULL, 'Donar', true,
        'The Witch-King of Angmar', 267, 39),
       (0, true, 'Gondorian Armor And Weapon', NULL, 'Lorel Daughter Of Naruwel', true, 'Gondorian Architect', 263, 10),
       (0, true, 'Umbar Arsenal And Gear Harad Bow Bn Helmet And Mace', NULL, 'Salazir', true, 'Corsair', 395, 29),
       (0, true, 'Da Armor Da Sword Da Poison Dagger Lindon Spear Gondor Bow', NULL, 'Apples', true,
        'Blade Of The Swan', 332, 13),
       (0, true, 'Fur Armour Iron/stone Spear Iron Crossbow Normal Bow Ered Luin Gear', NULL, 'Irdlirvirisissong', true,
        'Snowman Of Ered Luin', 52, 8),
       (0, true, 'Dwarven Gear Dwarven Arsenal Ironcrossbow', NULL, 'Vidarr The Grimm', false, 'Dwarven Boar-Whisperer',
        102, 30),
       (0, true, 'Dwarven Arsenal And Gear Iron Crossbow', NULL, 'Stig Fornburg', true, 'The Iron Heart Of Durin', 103,
        17),
       (0, true,
        'Trimmed Dwarven Armour Dwarven Weapons Blue Dwarven Battleaxe Bladorthin Spear Iron Crossbow Regular Bow',
        NULL, 'Feros Wargslayer', true, 'Durin´s Hammer', 148, 9),
       (0, true, 'Gondor Armor And Weapons', NULL, 'Jonathel', true, 'Gondor Architect', 261, 5),
       (0, true, 'Golden Easterling Armour + Rhudel Weapons', NULL, 'Pallando', true, 'Blue Wizard Of Rhúdel', 215, 12),
       (0, true, 'Standard Umbaric Equipment Dol Amroth Helmet Haradric Bow', NULL, 'Kazimierz', true,
        'Corsair Of Umbar', 395, 35),
       (0, true, 'Dol Amroth And Blackroot Vale Gear With A Crossbow', NULL, 'Lauthber', true, 'Sergant Of Dol Amroth',
        332, 31),
       (0, true, 'Full Taurethrim Arsenal And Blowgun Golden Taurethrim Armor Morwaith Spear', NULL, 'Chûn-Kai', true,
        'Jungle Guardian', 546, 40),
       (0, true, 'Umbar Arsenal And Gear Haradric Bow (default For Umbar)', NULL, 'Kaseem Meer', true,
        'Liberator Of Umbar', 395, 36),
       (0, true, 'Blue Mountain Gear', NULL, 'Erik Blodoeks', true, 'Blue Mountain Warrior', 52, 24),
       (0, true, 'Morgul Armor Morgul Blade', NULL, 'The Uncleansed', true, 'The Spawn Of Mordor', 267, 42),
       (0, true, 'Southron Armor Icron Crossbow And Sword(southron Coast)', NULL, 'Vitellius Donatello', false,
        'The Southron Architect', 426, 38),
       (0, true, 'Taurethrim Gear Regular Bow Some Iron Weapons', NULL, 'Yakta', true, 'Taurethrim Inventor', 546, 19),
       (0, true, 'Haradric Sword Spear Ithilien Ranger Armor Ranger Bow', NULL, 'Bêlzagar', true, 'The Nomadic Exile',
        400, 16),
       (0, true, 'Gondor Armour + Weapons + Bows', NULL, 'Belegorn Arnorion', true, 'Leader Of The Gondorians', 263, 1),
       (0, true,
        'Bn Spear Bronze X-bow Rhunic Weapons/bow (no Spear) Rhunic Helm Bn Chest/pants Umbaric Boots Reed Armour',
        NULL, 'Iaudun', true, 'Desert Nomad', 400, 3),
       (0, true, 'Black Uruk Armour And Weapons', NULL, 'Athre Mugle', true, 'Black Uruk', 267, 14),
       (0, true, 'Gundabad Uruk Armor And Weapons Orc Bow And Boar Mount', NULL, 'Bonkboar', false,
        'Butcher Of Gundabad', 41, 15),
       (0, true, 'Ranger armor, ranger bow, arnorian sword, iron pike', NULL, 'Etheldin', true, 'Dúnedain of the Angle',
        131, 62),
       (0, true, 'Gondorian Amor, Sword and Bow', NULL, 'Erenthir', false, 'Swordsman of Gondor', 263, 69),
       (0, true, 'Angmar armour and weapons', NULL, 'Fun-Din-Dun', true, 'Slave of Angmar', 68, 64),
       (0, true, 'Isengard armor, berserker Helmet, Isengard weapons and tools', NULL, 'Ugzoc', true,
        'The Isengard ent slayer', 197, 71),
       (0, true, 'Pinath Gelin Armor Gondorian Sword And Blackroot Bow', NULL, 'Mablung Enthelor', true,
        'Pinnath Gelin Soldier', 263, 45),
       (0, true, '1 Pinnath Gelin Armour 2 Lossarnach Battleaxe 3 Gondorian Pike 4 Gondorian Bow 5 Gondorian Sword',
        NULL, 'Ithilian Enthelor', true, 'Pinnath Gelin Soldier', 263, 46),
       (0, true, 'Gold-trimmed Dwarf Armor Dwarven Battle Axe Dwarven Shield', NULL, 'Dwalin', true, 'Dwarf Of Erebor',
        102, 41),
       (0, true, 'Rivendell Sword & Armour Crossbow', NULL, 'Willi Celelas', true, 'Healing Hobbit Toe', 184, 52),
       (0, true, 'Morgul Armor Morgul Blade Mordor Melee Weapons Mordor Orc Bow 1 Iron Crossbow Angmar Melee Weapons',
        NULL, 'Witch-King', true, 'Mordor Sorcerer', 267, 50),
       (0, true, 'Southron Armor Champion Helmet Southron Weapon Taurethrim Blowgun', NULL, 'Khalil', true,
        'Patron Of Southron', 426, 53),
       (0, true, 'Dwarven Armor And Weapons Iron Crossbow Vanilla Bow', NULL, 'Frar', true, 'Longbeard Errant-Warrior',
        102, 58),
       (0, true, 'Umbar armor, Umbar Battleaxe', NULL, 'Allakthor', true, 'Havenmaster of Umbar', 395, 43),
       (0, true, 'Ranger Armor, Ranger Bow, Arnorian Sword, Iron Pike', NULL, 'Ernarion', true, 'Dúnedain of the Angle',
        131, 70),
       (0, true, 'Blue Mountain Armor, War-axe, Pike, Throwing-axe and iron Crossbow', NULL, 'Dwalin Ironfoot', true,
        'Dwarf of Ered Luin', 52, 73),
       (0, true, 'Angamr Armour and Weapons', NULL, 'Boing', true, 'Shaman of Angmar', 68, 74),
       (0, true, 'Black Uruk cleaver, Black uruk Armor, pants and boots, black leather hat with a green feather', NULL,
        'Lev Skywood', false, 'Black Morgul Shipwright', 267, 61),
       (0, true, 'Gondorian Armor, Lossarnach Chestplate, Lossarnach Battleaxe and Gondorian Weapons', NULL, 'Forlong',
        true, 'Protector of Lossarnach', 263, 6),
       (0, true, 'Gundabar Uruk armor, cleaver, bow, pike, spear', NULL, 'Gong son of Bolg', true,
        'Mighty uruk of Angmar', 41, 63),
       (0, true, 'Uruk Armour, berserker Helmet, Uruk cleaver and spear, Orc Bow and skull staff', NULL, 'Lurtz', true,
        'Leader of Isengard', 197, 65),
       (0, true,
        'Dwarven Armour, Dwarven Weapons/Equipment, Fur Armour, Iron Crossbow, Spear of Bladorthin, Galadhrim Bow',
        NULL, 'Denter Nienesson', true, 'Durins Banner', 102, 59),
       (0, true, 'Black Uruk Armor, Gundabad Helmet, Black Uruk Spear, War hammer und Bow, Morgul Blade', NULL,
        'Sauron', true, 'Dark Lord of Mordor', 267, 34),
       (0, true, 'Gundabad and Angmar Armor and Weapons', NULL, 'Dharg', true, 'Scar Artist of Angmar', 68, 75),
       (0, true, 'Dwarven Armour with Leather Hat (purple Feather), Dwarven Warhammer, Dagger', NULL, 'Mug', true,
        'The Durins Folk Hammer', 102, 80),
       (0, true, 'Lindon, Armor, Sword, Bow, Spear, Pike; Blacksmiths Hammer, Iron Crossbow', NULL, 'Menelvagor', true,
        'Knight of Amon Ereb', 121, 76),
       (0, true, 'Uruk Armour with berserk helmet, Uruk warhammer, crossbow and pike', NULL, 'Arenod', true,
        'Shadow of Isengard', 197, 83),
       (0, true, 'Golden Rhunic set and a Kaftan, Full Rhunic Arsenal (hidden blade in rp only)', NULL, 'Dîla', true,
        'Immortal of Rhûn', 215, 48),
       (0, true, 'Woodland realm armor with sword, bow and battlestaff', NULL, 'Northon', true, 'of the Mirkwood Elves',
        146, 44),
       (0, true, 'Wood elven Armor, sword and bow', NULL, 'Tatharion', true, 'The Mirkwood Warrior', 146, 54),
       (0, true, 'Blue Dwarven Armour Battleaxe And A Normal Bow', NULL, 'Thomir', true, 'King of Ered Luin', 61, 51),
       (0, true, 'Rohirric Marshal Armour, Rohirris Battleaxe, Lance, Bow', NULL, 'Aldan', true, 'Light of Rohan', 245,
        84),
       (0, true, 'Winged Gondorian Helmet rest normal, Gondor Lance, Sword, Warhammer', NULL, 'Harlambos', true,
        'Gondor Knight', 326, 82),
       (0, true, 'Dol Amroth weapons and armor + Rivendell Bow and armor', NULL, 'Imrahil', true, 'Retired Swan Prince',
        332, 85),
       (0, true, 'Rohan Marshal armor and Rohan Arsenal', NULL, 'Ordric', true, 'Esquire of Rohan', 245, 79),
       (0, true, 'Silver trimmed dwarven armor, Dwarven Arsenal', NULL, 'Hjordlik the Mason', true, 'Durins Folk', 102,
        87),
       (0, true, 'Dwarven gear and arsenal', NULL, 'Alfrikr Chaosminer', false, 'Loremaster of Durins Folk', 102, 88),
       (0, true, 'Rhun golden armor with a warlord helmet, Rhunic bow and Rhunic axe along with a Rhunic halberd', NULL,
        'Hearun Archanis', true, 'King of Rhun', 215, 89),
       (0, true, 'Custom Armor and Arsenal', NULL, 'Aulendur', true, 'Elvensmith of Gondor', 323, 18),
       (0, true, 'Taurethrim Arsenal, Golden Taure Armor', NULL, 'Sweetpea', true, 'Desert Wanderer', 192, 33);

